nombre,seguidores,amigos,tweets,localizacion,verificado,idioma
Stuart_Docherty,121,582,832,Online / Global,False,en
prietomar0,141,654,321,,False,es
jmperez1981,132,441,351,asuncion,False,es
jjsgtea,68,301,363,Valencia - Benasque,False,es
Carlos28996,112,580,350,,False,es
pascual_milan_a,54,341,230,Valencia,False,en
FlowH2020,848,318,366,,False,en
PorVlc,283,572,479,Valencia,False,es
JCarlosVillena,226,678,344,San Antonio / Alboraya,False,es
sausalito_vlc,674,963,792,,False,es
ElRogle_MiA,152,480,251,Valencia,False,ca
PaxInstituto,162,593,527,Valencia,False,es
comite_economic,140,422,324,Castell\u00f3n,False,es
taxiscontraley,76,274,296,,False,es
IsaRuiz16,74,337,885,\u2728,False,es
f_elsjovenils,525,514,601,Valencia,False,es
DecidimExterior,223,441,803,London,False,ca
MariaFustertv,1577,390,783,,False,es
quelinmon,300,720,427,España,False,es
KuzinaVLC,69,255,240,Calle Conde de Almod\u00f3var,False,en
jvzorrilla,83,284,337,,False,es
juanandrei99,28,278,258,,False,es
pau4n,441,813,567,Barcelona,False,es
AndreuEJ,193,364,328,Valencia,False,es
Annasther,152,620,526,Valencia,False,es
lobodemar46,38,421,859,Silla,False,es
fernandez_bey,57,382,506,Valencia,False,es
MAJARATXI1,59,355,562,Estocolmo,False,en
Vyaches_Shev,66,259,725,Valencia,False,es
antoniomonsalve,225,589,456,Valencia,False,en
viloga61,168,900,494,Albal,False,es
CJVlc,736,337,716,Ciutat de Val\u00e8ncia,False,ca
vgoni_victor,125,549,890,,False,es
n_mentxu,86,644,892,,False,es
NonoRegaa,160,651,694,,False,es
FxJusticia,377,288,836,Valencia,False,es
enfermEIRizada,382,381,346,,False,es
enrikin58,273,771,751,,False,es
lavalencianaLVC,98,389,234,,False,en
Fuensan7,150,289,469,,False,es
luismonsoriu,71,318,588,,False,es
PaulaBamar,226,355,746,Valencia,False,es
SalazarArq,539,495,537,Valencia,False,es
smarvi,55,694,306,,False,es
seplarui,106,466,240,,False,es
ConsuladoRD_vlc,391,578,234,Valencia,False,es
strll14,79,323,687,Valencia,False,es
jaimegprado,363,500,837,Madrid,False,es
AndreaMarinJ,184,631,414,Bogot\u00e1,False,es
MayorAtir,63,638,518,Alcoi ,False,es
Onemallorketa,45,534,459,,False,es
sapamajo,116,575,827,Valencia,False,es
ARXIUISMAEL,222,283,769,Pa\u00edsValenci\u00e0,False,ca
Hegeliriana,41,277,260,MADRID-VAL\u00c8NCIA,False,es
andymakaroff,28,611,447,,False,es
reichstresada,98,377,763,Valencia,False,es
valencia2016ya,34,286,574,,False,en
CiaEncar,77,914,339,Gandia,False,es
afic_xirivella,171,293,341,Ajuntament de Xirivella,False,es
tonyjones_,351,811,539,,False,en
AVPCAlcudia,127,517,472,L'Alc\u00fadia,False,es
ValenciaWriters,101,532,530,Valencia,False,es
AMPADansaVLC,155,365,411,Cam\u00ed de Vera,False,es
virginiasf3,34,380,329,Berlin,False,es
ruvial7,53,273,482,,False,ca
ultralocalia,94,454,697,,False,ca
BalaguerMentxu,314,374,596,Corbera,False,es
LaTeuaRadio,72,432,599,Mon\u00f2ver,False,es
Ortoprono,174,436,316,España,False,es
inf24,88,699,473,España,False,es
mes_david,100,593,653,Freiburg i.Br.(D) / Basel (CH),False,de
vero22soria5,123,304,643,Valencia,False,es
Manulaguia,438,692,461,Valencia,False,es
HilbrechtB,318,280,282,Dormagen,False,es
jandro81,26,553,744,,False,es
Nuttralia,452,283,398,Estamos en: Av/Bar\u00f3n de C\u00e1rcer,False,es
elreplicante,489,719,545,Valencia,False,es
miquelvallejo,53,512,898,Valencia,False,es
AngelesCuenca2,322,839,521,Comunitat Valenciana,False,es
JoseGea4,112,360,500,,False,es
JIniciativaVLC,282,581,755,Val\u00e8ncia | Horta Nord i Sud,False,es
Hectorcortesma,100,301,399,Valencia,False,es
OrtizSzAndrea,314,693,288,,False,es
monicadmh,125,304,545,,False,es
atelierGastro,431,553,275,Carrer de Ciscar 52,False,es
_SOBREVIVE_,467,887,860,,False,es
luis_carralero,285,673,638,La Ca\u00f1ada. Valencia.,False,es
TalensIsabel,130,511,709,Tavernes de la Valldigna,False,es
natxotarazona,178,508,542,Valencia,False,ca
CiudadanaLorena,75,318,734,Valencia,False,es
sandia_sir,32,308,506,España,False,en
Estefania88Ines,143,336,243,,False,es
alespaes,152,264,556,,False,es
ramonpv_,57,307,667,Mediterr\u00e1neo,False,es
ajvilamarxant,235,435,833,Vilamarxant,False,es
carlessoler,191,687,287,,False,es
ainapiera,377,617,640,Valencia,False,ca
kum111,47,378,443,,False,es
martincampos,542,593,477,Valencia,False,es
palaualameda,127,386,269,Valencia,False,es
baibouwil,104,403,732,Irkutsk,False,es
mavi_mestre,390,443,489,Valencia,False,es
patriot_swiss,28,430,288,,False,es
lauramsotodosos,168,298,524,España,False,es
nh487,1031,354,503,,False,es
AVETID,245,279,288,Valencia,False,es
NatiMartnez,91,478,368,,False,es
MnicaBou,207,280,311,Valencia,False,es
LaLolaBoreal,400,1006,387,Valencia,False,es
TeruelJF,45,276,240,Valencia,False,es
PilarParreno,41,264,431,Valencia,False,es
pterodactive,137,282,378,,False,es
elen_gc,301,374,249,Hospital Universitario Dr. Peset,False,es
ross_mccluney,154,764,399,Northern Ireland,False,en
aruiiz87,101,618,331,,False,es
BahamonMIRA,1928,300,803,Barcelona,False,es
taxidermius,68,256,583,Valencia,False,es
SoyUnaRumbera,61,544,420,Valencia,False,es
CemarCla,56,342,415,Madrid,False,es
eapscv,87,334,738,Pa\u00eds Valenci\u00e0,False,es
gana_energia,502,497,596,Valencia,False,es
nonadada_,22,330,387,,False,es
badlandsoficial,489,402,239,Valencia,False,es
FMGValencia,82,267,554,Valencia,False,es
jmiguelaleman,92,275,859,España,False,es
crisibarbero,84,289,509,España,False,es
crisdetorre,121,275,356,,False,en
alex4panzer,197,824,283,Valencia,False,es
vhalesk,177,566,879,Maracaibo,False,es
Alba_Mulet,297,488,820,,False,es
CarmenZarzuela1,67,282,600,,False,es
WGAlicante,168,1011,613,Marina Alta,False,de
JosepMSapinya,218,633,597,,False,ca
eduardgs,567,980,246,Benifai\u00f3. Pa\u00eds Valenci\u00e0,False,ca
VeroCastilloG1,365,946,256,Valencia,False,es
Pep_Tronik,131,287,531,,False,es
emilioferca,148,810,467,España,False,es
grupoapuyen,249,422,876,Valencia,False,es
FValenciaport,1352,275,751,Valencia,False,es
oskrblade,8,372,732,Valencia,False,ca
13Oigres,80,303,514,Valencia,False,es
PazPenalba,163,440,689,Valencia-España,False,es
Danimf89,189,328,282,La Pobla del Duc,False,es
ireguas,116,502,683,Madrid,False,es
cguisasolal,208,469,360,Valencia,False,es
ccooplv,368,293,491,Valencia,False,es
JoseJuan_GC,62,558,485,En medio del Shock,False,es
danilluchf,88,636,571,,False,es
ArturoNavarro77,138,903,542,Valencia,False,es
vicentagermanat,62,255,888,,False,ca
alterio,67,284,404,Valencia,False,es
saboresdeanabel,170,768,444,Catarroja ,False,es
AdrianQuiles5,1193,379,560,Valencia,False,es
gast1431,87,355,497,,False,ca
Pty25,77,311,494,Stockholm,False,es
ColEsquella,591,913,854,Agres,False,ca
mixygan,154,400,742,Valencia,False,es
Cristina_Navrro,172,657,754,,False,ca
mire_iaM,282,936,815,Benissa,False,es
davidsanz04,178,630,641,Torrent,False,es
minstrawn,282,588,746,London,False,en
CapitanSanchezG,118,380,493,Valencia,False,es
Albert_SorianoR,106,514,321,Valls,False,es
Toritrombon,296,281,634,\u00c1vila,False,es
MONiCRE74,36,461,718,,False,es
nacho1788,85,733,778,,False,es
InmaLopezRRHH,873,745,795,C/Paz 7,False,es
montalt_coco,172,420,661,,False,es
MamoruSc2,81,358,733,España,False,es
defenemvalencia,253,369,716,Valencia,False,es
anacebri,459,640,863,N 39\u00b028' 0'' / W 0\u00b022' 0'',False,es
Juanintweet,95,369,398,Valencia,False,es
saragimenez,229,314,738,,False,es
CuPromis,106,525,291,Els Pa\u00efsus d\u00b4Oltra,False,es
FevadaceDca,373,360,242,Valencia,False,es
community_21,35,618,649,Valencia,False,es
MiriamSifre,54,272,784,,False,es
gonsalet,148,669,287,Valencia,False,en
237chb,137,289,698,,False,es
ConnectaNatura,480,822,829,Comunidad Valenciana,False,en
romanlopezruiz,51,310,576,Valencia,False,es
morador75,44,397,264,Valencia,False,es
poncerilla,55,335,248,,False,es
elhuertodetatay,171,318,313,Valencia,False,es
Pilardanza,259,900,875,Valencia,False,es
Ajaadvlp,34,968,826,,False,es
Klomiken,14,299,588,Toronto,False,es
angeltuba,156,365,610,,False,es
GeneArtHis,140,494,352,Valencia,False,es
pinturillax,248,535,538,Valencia,False,es
ColomarG,393,592,410,Valencia,False,es
mfilgueiram,211,378,468,Valencia,False,es
EliLopez1617,76,433,430,Valencia,False,es
Pedro56740872,68,509,380,Valencia,False,es
AlbertoPG81,55,476,294,Carretera de monta\u00f1a,False,es
SandraFontestad,206,473,568,Massamagrell,False,es
Diosthoth,164,532,407,Egipto,False,es
ElisaMatallin,265,852,284,,False,es
MarisaSaavedraM,162,566,791,,False,ca
carpediem1943,71,440,737,Valencia,False,es
Teresa_Bueso,289,634,634,,False,es
elenafera,265,624,427,Valencia,False,es
puig78,167,647,444,,False,es
M_ELMokaddem,146,327,419,Cairo,False,es
sergi0710,136,337,482,Valencia,False,es
Oskitar2017,30,335,292,,False,es
XimoAmaya,46,812,780,,False,es
MiltonRomeroQ,113,311,555,,False,es
IgnacioUauy,46,512,298,,False,es
ericxinoxano,196,670,783,Valencia,False,ca
m_agrifood,239,396,546,Valencia,False,es
conecta_familia,185,417,604,,False,es
marvasu,89,435,255,Valencia-España,False,es
playgoxp,305,801,335,España,False,es
SantiagoAlbiolE,31,317,231,,False,ca
joanros78,184,757,811,Valencia,False,es
cm_dj,226,455,765,,False,en
JoseMGP,98,475,260,Manises,False,es
nadkha,200,536,512,AVE Madrid-Valencia,False,es
LorenaSilvent,235,359,808,Catarroja,False,es
super_profes,187,526,347,,False,es
MariaJesusBolta,440,637,371,,False,ca
oscar9999999,171,854,810,Valencia,False,es
carlosbanion,28,298,301,,False,en
patxete,84,309,414,Tierra,False,en
paunadal_1,91,299,743,,False,es
arp_valencia,160,361,460,,False,es
_maria_jo_,54,372,269,,False,es
josete047,38,351,748,Valencia,False,es
GrupoCemalu,210,395,351,Aldaia,False,es
onlyisayno,203,670,597,Vienna,False,es
zassEla,103,565,822,,False,es
Cantellet,97,504,232,Besal\u00fa,False,es
danielcabero,128,578,476,,False,es
florgp31,71,311,561,,False,es
VicentSway,15,337,230,,False,es
iamalbertdotcom,92,823,506,Val\u00e8ncia,False,es
romero_sanchis,32,291,335,Algemes\u00ed,False,es
Maria_Tordera,142,269,289,Valencia,False,es
torpeder666,84,260,272,,False,ca
bebiendoamorro,145,435,470,Valencia,False,es
carboizco,90,976,441,,False,es
almapa_94,130,310,674,Me ,False,es
InmaOrozco,188,609,435,Valencia,False,es
AlbroDavid,83,632,722,,False,es
FractalsEducart,128,305,242,Comunitat Valenciana,False,es
inmide_uv,243,511,262,,False,es
cicloempresa,231,532,483,Comunidad Valenciana,False,es
katyjuanvi,40,452,305,,False,es
DavidJSaiz,376,999,535,Valencia,False,es
JordiAlamanVLC,220,325,567,Valencia,False,es
PodemMES,294,669,728,Valencia,False,es
NuriaGrau4,95,491,383,Comunidad Valenciana,False,en
WanJo_13,237,383,542,España,False,es
MsRipoll,343,280,860,,False,es
AKIHOR,109,671,509,El viatge a Itaka continua! *,False,ca
arantxayarza,503,683,483,,False,es
ccdalfafar,104,340,283,Alfafar (46910),False,es
ismelbooks,125,915,804,Valencia,False,es
Peace_pace_paix,22,1013,231,,False,es
toni_ballester,292,255,302,,False,es
compromislavall,803,709,790,La Vall d'Uix\u00f3,False,ca
CorredorMedite1,189,659,649,Senia,False,en
Psfutbol,1093,632,372,,False,ca
Lauritta_Fdz,22,267,658,Valencia,False,es
VedrunaValencia,296,400,759,Valencia,False,es
nuria_jo,256,325,781,Valencia,False,es
CSanRamon283,196,441,399,La Patacona,False,es
jmiguelguirado,30,357,236,Valencia,False,es
begojzcz,71,565,301,Valencia - Barcelona,False,es
ingeniotortuga,28,440,520,España,False,es
sandra_paniagua,201,545,634,Valencia,False,es
eating_city,189,281,472,France,False,en
lauramagr,118,290,242,,False,es
girona_neus,280,754,275,,False,es
QuimTortajada,272,733,346,,False,es
trezise_c,25,388,331,Portland,False,es
pspvfoios,251,418,762,,False,es
Vader100110,24,270,427,,False,es
cchervas,125,824,721,a ver... ,False,es
cij_riba,70,266,576,,False,es
vialeorti,63,290,757,Valencia,False,es
elironista,80,505,686,,False,es
angelajulve,237,732,563,Valencia,False,es
_ClaraEstrela,71,294,766,Valencia,False,es
Carlos_Oneinmob,60,535,243,Valencia,False,es
RuthWellbeing,207,449,694,Moseley,False,es
Pausanse,94,576,468,N\u00e0quera-Valencia,False,es
MZapata_84,55,575,259,,False,es
KHIDALGA,41,368,669,,False,en
rnatxo,155,455,413,Valencia,False,es
mrcartiga,100,350,438,,False,ca
xferreti,73,296,260,,False,en-gb
afocacv_info,108,278,636,Valencia,False,es
MiguelPicazoMa1,43,326,292,Valencia,False,es
rulovlc_10,89,379,605,Valencia,False,es
amparocervera1,150,421,603,,False,es
Terelu_1980,41,271,523,,False,es
albert_m24,151,964,836,Valencia,False,es
LudwigTuerme,87,564,793,Valencia,False,es
rosaestevanher,182,892,672,España,False,es
oscarbarres1,161,515,680,Beniarj\u00f3,False,es
AmadorFlores75,54,277,260,,False,es
LaFerreraRest,255,303,615,Valencia,False,es
DipuComarques,610,926,734,,False,es
ClaxonFreeman,62,714,369,Valencia,False,es
el_fabre,126,613,265,Valencia,False,es
juberi85,266,780,328,Valencia,False,es
pablomolina95,105,450,396,Agullent,False,es
P_Jorda19,201,618,849,,False,es
JoseGamiz_RH,179,566,713,Comunidad Valenciana,False,es
PAKOAM,43,430,572,Valencia,False,es
BeachBol,431,660,426,Malvarrosa - Valencia,False,es
JaumeMTelmaulet,113,318,462,Valencia,False,ca
HecMarVi,179,606,563,Valencia,False,es
FRVDistribucion,432,938,479,Valencia,False,es
rivalfer,61,860,537,España,False,es
ACPP_PV,247,436,487,Valencia,False,es
meranyon,209,461,315,,False,es
LeoVCF01,144,511,720,Valence,False,es
pepemiquel,83,318,281,Valencia,False,es
gastroadictos,789,366,816,Segorbe,False,es
SWIValencia,152,329,478,Val\u00e8ncia,False,es
jaime_garcial,250,452,854,,False,es
clovalda,89,390,233,,False,es
presig114,49,287,405,Utiel,False,es
Flevalencia,46,412,237,,False,es
JosetxuValor,266,702,529,,False,es
CristobalGP8,236,271,580,Valencia,False,es
Comercial_HW,72,704,334,,False,es
isa_veleta,64,260,386,,False,ca
Sergio47418508,55,278,449,Valencia,False,es
cph40,165,326,439,,False,es
VivoLidia,96,541,472,,False,es
Monique_Leivas,118,303,271,De Brasil a Valencia,False,es
masacega,61,771,267,Craiova,False,es
jbernat16,77,482,344,,False,es
PabloRandez3,218,295,287,,False,es
FRA_Alaquas,621,451,322,Alaqu\u00e0s (Valencia) Spain,False,es
ClaraGonzalvez,163,1010,301,Madrid,False,es
RaunenPerth,38,356,388,,False,es
Estela_vlc,16,683,387,Valencia,False,es
johannemagritte,52,282,701,,False,it
VALKAM74,73,300,419,Valencia,False,es
marmotilla28,52,348,288,Valencia,False,en
AlmudenaTri,334,615,844,,False,es
DTAocioyturismo,138,337,655,Valencia,False,es
valenciana_tv,408,946,288,Alicant \u00b7 Castell\u00f3 \u00b7 Valencia,False,es
vwildwild,78,348,555,,False,es
InfoRinoceront,39,472,443,Pa\u00efsos Catalans,False,ca
FMSILLA,697,647,450,Silla,False,es
niegarcia,26,309,603,,False,es
pauulaa04,118,272,318,Torrent,False,ca
ZarKarls,38,332,297,Valencia,False,es
ajeremias04,163,887,847,Venezuela,False,es
XaviLlps,46,293,393,,False,es
belenlop26,91,388,297,Val\u00e8ncia,False,es
JJRAGA,205,634,560,Naquera,False,es
SocComuVlc,89,775,719,Valencia,False,es
findyou_,209,640,589,Ibiza,False,es
dawnswyrtawerin,347,925,653,Abertawe,False,en
MAsuncinEsteso,164,317,447,Valencia,False,es
andreuiranzo,188,984,381,Valencia,False,ca
NDValenciaAt,170,1003,420,Valencia,False,es
PatriLlopis,149,575,604,Valencia,False,es
anablasco16,62,397,498,,False,es
CivicWise_Bcn,215,696,748,Barcelona,False,es
SoniaPC79,108,255,400,Comunidad Valenciana,False,es
Isabelrf0,108,755,459,Valencia,False,es
Keratella1822,111,431,873,Beni,False,es
EmejotaAlonso,135,261,609,Valencia,False,es
washichu,91,299,575,,False,es
dtab_,216,519,438,Berl\u00edn,False,es
anvallso,74,323,617,El Mundo,False,es
Comunidad_Vial,122,374,713,España,False,es
teresacebriansa,303,446,901,Valencia,False,es
JosepOchoa2,343,420,312,,False,es
slinaresn,238,469,514,Valencia,False,es
SenoraNaranja,447,621,440,Valencia,False,es
juliocercos,67,422,423,,False,es
LaiaBernad,204,888,842,,False,ca
dinamo61,28,296,235,Valencia,False,en
petronayepez,27,641,767,,False,es
valenciancount1,89,287,548,Val\u00e8ncia,False,es
socialremedios,110,553,635,Barcelona,False,es
conexamos,298,385,362,Valencia,False,es
LovelyFardatxo,96,308,841,,False,es
MeriXL,246,257,763,VLC / SPAIN,False,es
SomAlimentacio,867,631,593,Valencia,False,es
rajovesenderos,175,302,706,,False,es
CrisMola1,93,419,301,,False,es
BandaTorrefiel,615,341,511,Valencia,False,es
tendacampanya,223,460,458,Val\u00e8ncia,False,es
thenaturalhand,244,361,351,Valencia,False,es
jramonrosello,193,991,530,val\u00e9ncia,False,es
malbors,1352,809,528,,False,es
sabadellpremsa,502,259,789,,False,ca
tusmamparas,713,671,724,Valencia,False,es
HugoRomanB,197,650,337,,False,es
Aaronyacky,148,408,477,,False,es
lolarayito,20,336,402,,False,es
iPepperCooking,184,636,777,,False,es
Lomilator,45,280,747,,False,es
gema_sb,333,414,643,Castell\u00f3n de la Plana,False,es
ICAP_Formacion,170,578,557,Valencia,False,es
Elisabeth148,152,501,235,C/Major 44,False,es
CongresoComCS,127,379,280,Castell\u00f3n de la Plana,False,es
LuisCorgan,37,284,466,Valencia,False,es
JMFCarrizosa,1013,547,502,,False,es
pacosequedo,67,526,589,,False,es
CMplastik,121,272,315,Carlet,False,es
pimpineloca,167,819,805,España,False,es
Juanpitarchbr,197,517,866,Brasil,False,es
VSAdvocats,441,788,494,Valencia,False,es
LaiaMuns,173,438,381,,False,ca
JM_Castillejo,104,297,337,Valencia,False,es
Traus_Sea,66,358,261,,False,ca
JorgeYeves,91,373,825,vivo en un castillo,False,es
pablo_garpi,281,572,450,,False,es
DataLife05,263,671,353,Valencia,False,es
ContigoRuzafa,313,514,242,Valencia,False,es
carlosgallsan,86,666,237,Nicaragua,False,es
joan_prim,42,376,290,Mislata,False,es
Chris_en_bici,209,500,441,Cardiff,False,es
PickUpValencia,365,872,777,Conde Altea,False,es
natiuslife,88,413,603,Valencia,False,es
AlicanteMuseos,617,607,594,Alicante,False,es
descriu,157,565,434,Val\u00e8ncia,False,es
FallaFelixPiz,255,750,270,Valencia,False,es
RafaelAtez,71,679,285,Valencia,False,es
lauruiz_14,176,959,543,Valencia,False,es
CeciliaVicoan,264,902,555,Valencia,False,es
PBahilo,119,573,244,,False,es
raquelalabort,275,255,492,Valencia,False,es
jor_G_contreras,59,426,354,Walking,False,es
siroquito,72,386,386,,False,es
pereescortell,242,522,468,,False,en
artedecercanias,179,349,465,Valencia,False,es
CiViNETSP,213,526,302,,False,es
joangandiaoltra,497,571,735,Valencia,False,ca
Jperelloalabau,130,392,401,Valencia,False,es
Luisviba,377,830,487,Gandia (Val\u00e8ncia),False,es
AcmUpv,382,418,849,Valencia,False,es
RosaArnaez,200,511,798,Valencia,False,es
Exit_up,496,600,367,Valencia,False,es
efedesancho,97,441,362,Valencia,False,es
AntmijAntonio,122,562,889,Valencia,False,es
BegoOrozco,18,376,279,,False,es
paradamariaje,109,963,779,,False,es
JoseEspejo,85,309,890,Torrent (Valencia),False,es
marbella325,80,385,890,Comunidad Valenciana,False,es
Zedreartmural,183,1006,237,Valencia,False,es
fallabenicalap,667,669,781,Benicalap,False,es
M27flo,252,321,693,,False,es
2RCRISTINA,44,266,250,,False,es
roberta_guido_,244,851,280,Madrid,False,es
agroecociudades,571,606,776,,False,es
yamequito,138,346,875,De aqu\u00ed de Valencia,False,en
candav90,233,687,731,Valencia,False,es
Marina_Valiente,168,283,782,coria...valencia(actual),False,en
Martaborcha,258,319,455,Valencia,False,es
feceval_cece,550,1015,616,Valencia,False,es
Carlangasc68,84,364,481,,False,es
beltza_ardi,129,789,588,Bizkaia,False,es
JSL_PF,232,514,389,,False,es
EreaAn,137,750,594,Valencia,False,es
conxaperez,86,428,479,,False,es
CarlosDonett,194,679,625,Valencia,False,es
Soler_PCI,1359,973,289,Valencia,False,es
somEmperador,294,824,833,Canals (Val\u00e8ncia),False,es
marcgxch,53,431,255,,False,es
DepSocAnt_UV,607,849,896,Val\u00e8ncia,False,es
lluismiquelsaez,165,334,701,B\u00e9tera,False,es
cobosche21,109,880,377,Valencia,False,es
acostsu,9,998,259,Valencia,False,es
escosolidaries,264,318,824,X\u00e0tiva,False,es
dddiannna,199,501,337,,False,ca
Javier__Rodrigo,244,697,797,L\u00b4 Eliana (Valencia ) y Madrid,False,es
Adehon_Empleo,981,659,867,Valencia,False,es
HachEsther,271,339,246,Valencia,False,es
UraiaCIT,448,664,847,Paris,False,es
CreactiuVlc,125,341,283,Valencia,False,es
XRVJove,648,705,877,C/ Levante UD,False,es
angelferrero,1388,300,231,Barcelona,False,en
FallaMariola,341,730,236,Valencia,False,es
Randuske,101,405,892,,False,es
FusiFuset,538,380,431,Valencia,False,es
mworldcataluna,2504,857,578,Catalonia,False,es
wasp_j,161,503,631,,False,es
Amparo_Quiles,149,333,260,,False,es
Megaretratado,277,470,376,Valencia,False,es
AmparoMmiro,217,260,655,Valencia,False,es
qiqemartinez89,45,465,824,yupilandia,False,es
salvailletas,288,337,285,Valencia,False,es
santgaral,85,358,895,España,False,es
silviabagnale,196,289,256,Valencia,False,es
MCCARLOS1981,174,414,864,,False,es
esther_tarin,342,474,846,,False,es
chicomanoperro,191,644,557,Valencia,False,es
DP_Distriplac,521,428,656,Espa\u00f1a-Portugal,False,es
sotoigual,132,281,458,Valencia,False,es
amestieducacio,644,944,750,Valencia,False,es
FTA_CV,1614,297,809,Valencia,False,es
ArantxaJansen,89,297,499,,False,ca
araceliisaac,154,328,401,,False,es
ALBIOL_Antonio,319,408,277,,False,es
joanaxvlc,81,437,719,,False,es
GregoMagno,318,330,736,Sevilla,False,es
mibauso,98,353,321,,False,es
ihevia20,122,422,381,Entre el mar y la monta\u00f1a ,False,es
borjaespinosa8,86,629,307,,False,es
ManoloMarti,103,570,784,,False,es
Sussie_77,61,348,288,Valencia,False,es
Ascen_SalIb,174,806,546,,False,es
infofallasvlc,1014,372,314,Valencia,False,es
abbe_global,186,689,254,Paterna,False,es
RichRichy9,62,284,575,Valencia,False,es
fentcamivlc,63,473,467,Comunidad Valenciana,False,es
CCarlesSalvador,435,352,350,Val\u00e8ncia,False,es
jaimeiserte,120,694,376,,False,es
pablo93sanmar,183,485,730,Valencia,False,es
topoNacho,97,287,482,,False,es
JovenesICOMV,303,408,336,Valencia,False,es
alfonsoblanco14,317,812,463,Valencia/Ayora/...,False,es
CARLOSPIQUER1,110,703,250,,False,es
kapocorp,203,720,629,Latinoam\u00e9rica,False,es
Paula98perez,133,718,535,,False,es
damarticast,201,346,437,España,False,en
MIGUELMORENTIN,170,787,408,Regne de Val\u00e8ncia,False,es
andrea_grb,201,625,865,Valencia,False,es
Nachogtrejo,52,304,722,Valencia,False,es
alvaroblasco,163,447,314,Valencia,False,es
QuiqueBisbal,84,417,351,VCIA,False,es
Lochlainn_folk,172,372,619,Valencia,False,es
rafa_mtnez,55,285,329,,False,es
XEMASOLER,135,384,709,Valencia,False,es
miguel_ra17,65,528,630,Valencia,False,es
romheres,71,287,408,,False,es
LauraSMental,315,792,873,,False,es
and4or,42,306,487,,False,es
jrt1198,202,945,338,Catalonia,False,ca
Loreena_Cm,135,898,904,Valencia,False,es
VictoriaCasan,70,323,369,Valencia,False,es
suspaval,38,325,273,Valencia,False,es
Daniello1986,145,928,480,,False,es
despegaformacio,222,482,899,Valencia,False,es
mariajesusaros,215,710,335,España,False,es
CTBGSomVal,164,389,253,Reino de Valencia ,False,es
montalvaopticos,140,384,629,,False,es
GrupClapir,698,854,595,Universitat de Val\u00e8ncia,False,ca
MelenassMele,25,305,306,,False,es
Badimonl,74,321,400,,False,es
Vikisland,74,555,388,Valencia,False,es
PoliTarongers,28,263,536,,False,es
CSIFAGECV,247,337,264,Valencia,False,es
CSIFPICASSENT,230,297,235,Valencia,False,es
Sa79Lo,287,292,623,,False,es
orriolsbarrio,122,361,385,,False,es
attsocial_ICOMV,183,394,762,Valencia,False,es
VTriatlon,967,515,440,Comunidad Valenciana,False,es
MiguelPortoles,177,551,380,Valencia,False,es
md0l0r3s85,67,661,640,España,False,es
saretacosta,72,304,259,,False,es
MoRichart,207,287,682,En un pa\u00eds concret,False,es
TarascaTurisme,101,428,259,Valencia,False,es
BlackstormSP,210,675,817,Valencia,False,es
RosMari2667,36,277,236,España,False,en
Yosanzqui,260,484,710,,False,es
EducadorMenores,3121,855,582,,False,es
gsamanecer,198,286,696,La Coma,False,es
cokegh,64,319,482,,False,es
AliciaAvilesMa2,53,467,875,,False,es
ampaclaver,80,284,647,,False,es
mcampaners,262,446,538,Val\u00e9ncia,False,es
WatefNetwork,409,264,761,University of Bath,False,es
ivanligardo,158,319,519,,False,es
AyuntamientoCar,312,415,239,,False,es
lancora_rest,134,351,713,Cabanyal-Canyamelar,False,es
Panaria,668,627,826,España,False,es
JLafuenteS,369,945,389,,False,es
twrome,33,432,231,,False,es
NURIANIN,127,565,337,,False,es
ospainbenidorm,135,498,368,Benidorm,False,es
davidtaroncher,536,748,515,Valencia,False,es
mariatortajada,50,275,249,,False,ca
VlcAmaya,342,554,502,Valencia,False,es
elsavilalta,251,590,629,,False,ca
PaolaCannata,244,620,442,Madrid-Valencia,False,es
NatucerOnda,522,752,452,,False,en
mariapascualEFL,314,700,540,Valencia,False,en
AtlanticoCocina,408,978,411,,False,es
Magisla,144,291,429,España,False,es
Guillermoabar,558,500,901,Valencia,False,es
generaldrones,638,1009,567,Valencia,False,es
BuenasMigasSER,486,588,801,Valencia,False,es
rc14vcf,135,486,812,,False,es
PdecubasDe,270,412,325,Valencia,False,es
HmoModernus,114,773,728,Valencia,False,ca
Lauraaroch,154,866,340,,False,ca
Sergio_Lopez93,210,307,907,,False,es
Demian_337,144,588,234,Valencia,False,es
Esadel91,355,593,368,,False,ca
margaalcala,194,456,762,Valencia,False,es
sasisoy_world,135,333,290,,False,en
ubitricity,1332,346,725,Berlin,False,es
PepiuExperience,167,444,763,Valencia,False,es
pilugargon,553,657,779,Cofrentes,False,es
AlfredZT,137,755,267,Ribera del X\u00faquer,False,ca
damuria,77,324,377,Valencia,False,es
MkGrimaldos,75,605,236,Hoy aqu\u00ed,False,es
sendreta21,45,262,276,,False,es
graphicandreas,253,904,458,Valencia,False,es
brandalize,144,413,794,,False,pt
javimozasvlc,210,299,266,Valencia,False,es
OSUMARSA,728,917,492,España,False,es
Vdevicente,74,297,892,Valencia,False,es
josemalvs,58,391,348,Valencia,False,es
ProyectosPA,369,279,333,España,False,es
javi_linbel,126,319,431,Valencia,False,es
CosyRoomsVLC,250,864,638,Valencia,False,es
DavidTamarit,62,407,598,Valencia,False,es
lau_herrelop,536,850,868,@elperiodic.com,False,es
fcopecre,94,434,588,Valencia,False,es
izquierda_libre,68,419,519,,False,es
niueret,135,307,616,Betilla-Chamonix,False,ca
jepincu,410,387,590,,False,es
nataliablnc,93,562,293,Mediterr\u00e1neo,False,es
Rafa2punto0,39,276,772,Valencia,False,es
patricialapardo,309,403,523,,False,ca
pep_pelaez,143,258,556,Massamagrell (Valencia),False,es
KomandoHoquet,163,636,473,L'Horta i els seus voltants,False,es
JohnNiclos,50,310,276,Madrid,False,es
AjBeniganim,368,283,394,Benig\u00e0nim,False,es
verumasesores,70,406,384,Valencia,False,es
welibobs,74,611,612,,False,es
redinnpulso,697,459,812,,False,es
jaumepl,273,777,331,Carlet,False,es
cofradiaseda,210,527,598,Valencia,False,es
JorgeQJ,112,585,541,Valencia,False,es
AcoecOngd,272,255,695,Valencia,False,es
j_vcia,174,261,505,Valencia,False,es
tetitons,52,295,282,Borriana,False,es
borjaibco,100,265,414,Torrent,False,es
soukamorta,173,677,259,Paris,False,es
happymisplaced,348,737,909,Valencia,False,es
eltirant1,122,579,560,Montcada,False,ca
MK90GamerYT,132,473,419,Paterna,False,es
LTudelaMarco,367,482,544,España,False,es
llibreriabernat,182,309,886,Valencia,False,es
Jacksonnfelt,580,747,527,,False,en
WolfGod99,89,824,293,Peterborough,False,es
cllamabear,181,509,345,,False,es
Paquitaa96,99,536,514,Calabria,False,es
Nalua02,40,407,333,Valencia,False,es
OttoWheels,60,409,235,Valencia,False,es
MAmparoArjona,239,595,866,Valencia,False,es
ruth_9999,132,815,467,España,False,es
l_bernat,43,272,348,,False,es
evatmc,40,328,493,Valencia,False,es
PatoUrrego,73,292,524,España,False,es
ian19vlc,154,260,832,Comunidad Valenciana,False,es
jcinsa,338,836,714,Valencia,False,es
pequenyasdudas,103,342,483,Madrid,False,es
ChoniDM,241,586,841,Valencia,False,es
COAGCV,259,256,589,,False,es
xiringas,184,294,757,,False,es
LGTB_UGTPV,257,339,840,Comunidad Valenciana,False,es
MASSII_ms,189,294,508,Barcelona,False,es
autoesmeliana,204,731,693,Meliana,False,es
javiermartinap,63,391,696,,False,en
Desadesilla,298,660,608,,False,es
baylandscape,283,678,549,Ashington,False,es
Jaime72370309,100,571,763,Horta Nord (PV),False,es
jcnaranjo,166,629,337,Valencia,False,en
correoviejo,435,628,619,plaza del Correo Viejo 3,False,es
Altaviana,471,404,571,Valencia,False,es
VMaso,220,477,895,,False,es
elena_conejos,40,850,287,,False,es
pepcalde47,129,767,823,Calp,False,es
javichuLondon,142,298,406,,False,es
Princesa_Jedi,46,319,643,,False,ca
daniferragud,152,321,273,Valencia,False,es
HernandezAsun,105,593,351,,False,es
FontHugo,223,522,808,Cullera,False,ca
mimi_rmd,36,359,297,Valencia ciudad,False,es
sab_jove,282,536,879,San Antonio de Benag\u00e9ber,False,es
JoseCunat,3704,692,851,Valencia,False,es
josep_gil,576,722,472,,False,es
ccooford,215,269,338,Almussafes,False,es
darcy_xperience,197,921,530,Sedavi,False,es
anaparramu,192,521,285,Valencia,False,es
rsmproducciones,319,428,495,Valencia,False,es
vicentgimenez,332,261,592,Valencia,False,es
AdrianRomeu,175,528,485,Valencia,False,es
gimeno_papa,61,267,267,,False,es
EugenioSolbes,105,303,741,,False,es
g_javendrell,68,292,411,Valencia,False,es
dani_arve,98,486,450,Valencia,False,es
srta_rocknroll_,68,913,779,,False,es
rodrigoboe,64,503,296,,False,es
PerritaValiente,648,846,261,Valencia,False,es
mariaspaellas,231,469,566,Holanda,False,es
MoBikeValencia,100,320,440,Valencia,False,es
wasteinprogress,658,522,426,Girona,False,es
carlos_tuset,69,315,518,,False,es
LaXafiga,601,643,541,Muro d'Alcoi,False,es
sedartVLC,152,481,243,Valencia,False,es
genofesi,125,420,255,,False,es
DSsostenible,318,665,321,Valencia,False,es
elyonazus,53,333,464,Comunitat Valenciana,False,es
Agelspi,95,261,689,,False,es
icastanyon,122,540,304,,False,es
ftanciscoagued1,2,866,577,,False,es
Germania_bea,339,649,428,,False,ca
CerrajerosPL,436,334,434,Valencia,False,es
josep_moline,35,265,501,Alfara del Patriarca,False,es
jamess_vlc,286,654,472,Valencia,False,es
WillAlbors,129,346,318,,False,fr
FallaRahal,607,656,268,Real,False,es
terepalop,72,288,542,,False,es
leoperezgarcia,22,436,587,,False,es
sant_bult,136,259,419,Calle En Blanch,False,es
latorre_manuel,305,465,377,Comunidad Valenciana,False,es
Cofrentes,148,559,371,,False,es
josemariacanary,106,258,753,,False,es
InterFallasVlc,946,557,497,,False,es
ArnalVlc,335,541,745,Valencia,False,es
JoseAntonioAn,58,256,605,,False,es
GemmaPiera,61,370,609,,False,es
AngelFolgado,169,714,571,Aldaia,False,es
xavet89,45,678,440,Val\u00e8ncia,False,es
CamiOliveira78,250,433,493,Valencia,False,es
LaColmenaLN,597,598,849,Valencia,False,es
jaguai28,65,551,426,,False,es
Thor_Miquel,235,886,262,,False,es
pmtenista,67,310,880,,False,es
Interlandschool,69,862,239,Valencia,False,es
Miriam_FQ,79,317,280,,False,es
joselemellow,116,783,847,Valencia,False,es
salfepa,131,632,377,,False,es
nacaral3,79,291,593,,False,es
BausetVictor,24,460,730,,False,es
mbonillo1,353,928,774,Valencia,False,es
puigcerver_xalo,170,269,422,,False,en
vanalfga,189,313,475,,False,es
merxelluna,90,330,234,,False,ca
perezperezmarta,323,573,314,,False,en
mariangarrigues,58,399,247,,False,es
CRullVi,89,397,401,,False,es
Elenaavivar,260,271,799,Valencia,False,es
rtessa4,122,319,661,,False,es
ImprentaLlorens,193,494,436,Valencia,False,es
Marisa_Jimeno,262,854,378,Madrid,False,es
ahdesa,800,463,776,Valencia,False,es
annieronda,76,282,498,,False,es
pedro_tomas,220,416,312,Valencia,False,en
rmtaberner,15,316,709,Valencia,False,es
clararipo,124,321,364,Valencia,False,es
Neabel6,55,442,566,#VidaLlenaDeColores :-D,False,es
esthermfol,119,520,305,,False,es
Sergio_marti,97,718,253,Valencia,False,es
coquegonzalez,245,290,832,Pangea,False,es
unialtra,36,444,808,La Pobla del Duc & Benimaclet,False,ca
Sara__Pico,125,835,552,,False,es
rosamyague,408,879,698,,False,es
hperello,126,713,444,,False,ca
jvst49,155,550,812,sueca(valencia)(espanya),False,es
Estrellatugar,155,396,488,Valencia,False,es
robguti,71,716,233,,False,es
InmaFenicia,77,512,614,,False,es
EmilioRoca65,99,281,734,,False,es
amperexenergy,541,351,832,Progreso 13 av,False,es
Nostromo63,23,714,306,Valencia,False,es
MarMalota,1817,626,828,Valencia,False,es
ancacos,118,295,311,,False,es
jvedat,157,537,585,Torrent,False,es
sociorojo,153,415,472,Valencia,False,es
DoraMatute,31,317,238,,False,es
agroecocities,555,854,613,,False,es
wearepixelarte,1312,622,827,España,False,es
ovigualda,132,720,240,,False,es
gradogestion,100,309,857,Valencia,False,es
heavyologo,117,783,681,,False,es
RaquelAres,100,392,754,Valencia,False,es
pepepalanca,78,294,284,de aqu\u00ed,False,es
JaumeBayarri,316,335,591,Alboraia,False,ca
PeLaoO2,52,332,400,,False,es
josevteb,342,441,382,Valencia,False,es
jjruizcubillan,196,726,594,,False,es
amparidaura,137,365,630,Val\u00e8ncia-Horta Sud-Mediterrani,False,es
PaulaTonda,130,506,338,,False,es
xavier_presi,144,288,543,Fontanars dels Alforins,False,es
drochercamps,309,328,569,Gand\u00eda,False,es
amlabanda,648,355,342,Alfarras\u00ed,False,es
santiagovlc,50,343,239,,False,es
tomaspegu,99,282,263,Valencia,False,es
abasedebe,565,383,667,Valencia,False,es
InmaPar,966,680,355,,False,es
MasedaXavi,52,309,371,,False,es
BoloPPM,125,799,719,Valencia,False,es
charoberbegal,36,333,240,Valencia,False,es
daviiniacm,119,480,251,,False,es
misteercorn,82,548,738,España,False,es
FundacioAssut,766,430,635,Valencia,False,es
apeudepaginanet,1240,975,796,Valencia,False,ca
franaleixandre,108,258,613,London,False,es
mireia507,25,263,307,,False,es
AEDLjaviersoria,248,257,558,Valencia,False,es
NuriaVicedo,398,699,745,,False,es
SantPetrillo,633,731,555,Valencia,False,es
maverick5_4,114,294,689,Valencia,False,es
Paco_Cerdan,400,413,579,Valencia,False,es
JavierToEs,474,616,476,Valencia,False,es
QuintanillaPa,75,263,826,Valencia,False,es
alberto_martnez,55,299,727,Valencia,False,es
mirlos25,115,451,264,Bologna,False,es
PMoraUGT,357,506,611,,False,es
CircDeJocs,90,894,296,Catalu\u00f1a,False,es
polvorafallera,427,594,492,,False,es
FallaPLuisCano,552,782,495,Valencia,False,es
ZeziliaH75,361,770,578,,False,es
CoroEOIValencia,341,806,650,Val\u00e8ncia,False,es
Raloher,142,434,611,Valencia,False,es
Juanansr,88,296,891,Valencia,False,es
alex64prieto,201,973,663,Bayonne,False,fr
CBlanca_Marine,3659,1008,628,Costa Blanca.C.Valenciana 2014,False,es
danpateyu,79,294,412,,False,es
BegoBBP,22,336,246,Valencia,False,es
Sheila230212,93,273,866,Shangri-La,False,es
DrOlorizFalla,811,910,332,,False,es
JaviGimnez17,87,413,328,,False,es
Paco_domingo,103,518,308,Valencia,False,es
gregaltv,149,451,878,Valencia,False,es
Ignacio_tamagra,51,424,476,Valencia,False,es
maiterero,136,336,236,Valencia,False,ca
raffff_1980,42,267,844,Praga,False,es
BoschBolta_S,149,304,906,,False,es
SALAMANDRA3020,12,318,243,,False,es
Almudena_Luna,160,570,544,Valencia,False,es
iverdegu,126,325,605,,False,ca
T_Puchalt,70,317,483,,False,es
lescoleta,193,266,564,Barri del Carme de Val\u00e8ncia,False,ca
selesastre,60,303,310,Valencia,False,es
MaikelChor,33,479,246,,False,es
ValentiaTurismo,136,507,365,Valencia,False,es
OriolaPepa,57,391,272,,False,es
Joansan_18,99,586,665,Aqui,False,es
Motacillalba,119,377,366,,False,ca
jouerl,348,536,279,Madrid,False,ca
eferrer73,147,989,689,Valencia,False,es
MaiteHAguilar,500,492,662,Espa\u00f1a,False,es
eva_garalb,314,682,285,,False,es
BelenRoGo,114,510,868,Valencia,False,es
DiazRoberto1,147,458,858,Alfafar,False,es
AmparoIborra,69,316,276,,False,es
Cardelol,111,308,376,,False,es
jmiravetlecha,106,539,251,,False,es
pablo_merysu,171,320,863,Valencia,False,es
xelines_,57,344,316,Valencia,False,es
l_lpastor,344,750,245,,False,ca
Irebalaf,55,358,272,,False,ca
EmergingPattern,257,407,720,Valencia,False,es
betace22,34,483,716,Valencia,False,es
arc15vlc,29,467,305,VLC,False,es
UnitatWeb,332,539,791,Burjassot,False,es
CarlosGinerQuil,94,450,352,,False,es
Patxirrin,173,424,564,,False,es
FactoriaCivica,872,412,541,Valencia,False,en
SandraCalabuig,252,335,380,,False,es
Jotapelevante,55,335,877,,False,es
JuanviAlonso,74,412,868,Mislata (Valencia),False,es
flubber000,63,358,511,España,False,es
nblasco92,252,400,536,,False,ca
anrocar,141,668,775,Vinar\u00f3s,False,es
LegalSharing,193,360,495,European Union,False,es
guardferracu,111,758,237,,False,ca
Yolanda_baeza,75,266,339,,False,es
beckenbauer84,77,340,260,,False,ca
Emjulode,61,426,263,Valencia,False,es
Imma64Immangel,187,468,457,Valencia,False,ca
Robermoya82,48,303,635,Valencia,False,es
PabloMantilla2,256,572,265,,False,es
MariaSMtrumpet,96,330,248,Valencia,False,es
Angulo2Miguel,7683,425,247,Valencia,False,es
zenos14,87,264,291,buscando a wally..........,False,es
traeunlibro,323,603,891,Valencia,False,es
jorgepg7,56,277,369,,False,es
oliverTuba,120,308,287,,False,es
PilarColumna,95,431,526,,False,es
equip351,555,739,797,,False,ca
elpollastrot,130,451,423,Valencia,False,es
Pucholes,292,533,770,Valencia,False,es
CanamasPaco,108,904,865,,False,es
jnotariofarre,88,381,293,Barcelona,False,es
siesta_nomads,87,421,657,Valencia,False,es
sarinina,63,312,692,,False,es
nurseabram,99,369,438,Valencia,False,es
raulpuerta,190,521,850,Murcia,False,es
mlr_memyselfnI,184,394,893,Worldwide,False,es
meirosports,157,600,735,Valencia,False,es
franciscoramn3,103,585,717,Valencia,False,es
AnaMoureG,404,954,786,Valencia,False,es
XimoCanales,156,351,869,Valencia,False,es
MartaGozalbo,184,415,410,,False,es
JERVLC,289,585,495,Val\u00e8ncia,False,es
Pavasal,462,612,520,Valencia,False,es
vinvalor,56,399,447,banyeres de mariola,False,es
IgualMentFest,261,563,263,Pl. Ajuntament de Val\u00e8ncia,False,es
begonyapozo,718,837,353,,False,ca
LaLlibreta,183,411,575,C/ Bot\u00e1nico,False,es
benjaescrich,138,483,324,Valencia,False,ca
difusioncultura,241,266,829,España,False,es
romiasociacion,195,285,411,San dionisio,False,es
lehukar,77,402,461,Silla,False,es
alexperaltusa,506,894,451,OR - United States of America,False,es
Juanje_Monreal,138,479,481,Valencia,False,es
bernysburger,145,356,530,Valencia,False,es
Mai_Laes,72,293,628,,False,es
PPDOMINGUEZ,125,256,428,,False,es
VLCMiriam,399,1007,272,,False,es
MolinaVicent,272,843,372,maniser a Ontinyent,False,es
LimonesRuben,79,432,577,,False,es
encajesurbanos,567,791,806,Valencia-Barcelona,False,es
FetambloveMarta,238,929,596,,False,es
vtobarra,80,305,367,Valencia,False,en
xinxetamedia,428,580,570,Valencia,False,es
VE_G4,238,624,865,eSPaCiO eXtERioR,False,es
delmarsergio,260,329,658,Planeta Tierra,False,es
NadiaTent,264,595,463,,False,ca
rezaperorema,363,949,237,,False,es
escenaerasmus,494,451,833,Europa,False,es
giner_roig,351,850,378,Valencia,False,ca
ampy1988,42,255,629,Valencia,False,es
thegoodceopper,41,524,304,,False,es
MuixerangaVLC,910,378,625,Val\u00e8ncia,False,es
AmparoViana,117,299,694,,False,es
TrufasMartinez,499,795,812,Valencia,False,es
ricardalcaide,328,474,377,Valencia,False,es
pquilesguerola,124,278,580,Valencia,False,es
martinezcoller,287,988,881,Valencia,False,es
korxopan,150,571,440,,False,es
jorgefies,110,318,786,,False,es
antigua_hostal,297,400,639,C/ En bou,False,es
trencasimals,32,255,475,Valencia,False,es
robertpenades,402,298,610,Val\u00e8ncia,False,es
IndianaMon,78,289,751,Valencia,False,es
Kperussa,93,304,435,Cap i Casal,False,es
joserade,41,333,580,,False,es
genoogeno,145,517,349,Rusia,False,es
llorens254,49,349,698,,False,es
car_menm,44,413,427,,False,es
john_giner,320,461,874,,False,es
vangigr,290,923,746,Puerto de Sagunto (Valencia),False,es
Argui14,9,436,595,,False,es
ergonomikes,158,527,655,Valencia,False,es
quest_lasercafe,235,594,438,Valencia,False,es
Mninonano,178,779,345,Valencia,False,es
ApPaisatge,445,687,345,Valencia,False,es
TVManuRios,326,991,911,,False,es
JhonJTarros,333,798,493,,False,es
dosdecuatro,28,600,512,,False,es
xavi_ero,50,603,251,Valencia,False,es
JoseEnrique713,134,461,519,,False,ca
lilicastror,129,390,299,Valencia,False,es
alrrofran,152,691,831,Vinar\u00f2s,False,es
PlataformaMetro,352,749,449,Riba-roja del T\u00faria,False,es
bwenziner,244,619,573,Valencia,False,es
noe86_pc,90,359,412,Valencia,False,es
CivicWiseVLC,316,267,296,,False,es
pamemartinezmar,34,423,422,,False,es
v_albelda,323,558,572,,False,ca
majop28,70,386,844,,False,es
pauginer,613,848,851,Valencia,False,es
mitabe,350,999,480,,False,ca
Brian_590,185,556,264,Valencia,False,es
PilarVicenteG,189,428,736,Valencia,False,es
aliciafenollosa,151,531,663,,False,es
brunoperellof,181,338,869,Valencia,False,es
amparosorianog,61,967,293,,False,es
Flammam_vlc,166,360,409,C/ Rafael Escritor Ferreres 12,False,es
Maria_Iranzo,445,694,432,Valencia,False,es
willermon,52,409,272,,False,es
cassallataronja,134,797,396,,False,es
Chiqui_ti_ta,38,338,553,,False,es
Idoya_ts,298,879,306,Castell\u00f3n de la Plana,False,es
quimld,156,951,280,,False,es
joliva819,282,1010,577,,False,es
enricdetot,234,825,673,Bath,False,es
javiers_22,109,539,272,,False,es
raulalbertv96,89,478,359,Valencia,False,es
ver_daniel,108,486,725,Valencia,False,es
edgarsapiens,98,940,730,,False,es
miquelgv,159,430,811,Valencia,False,es
onglacasagrande,324,428,560,Valencia,False,es
AMPAEmilioLluch,110,326,586,N\u00e1quera,False,es
participa_reina,299,570,277,,False,en
CarrionFons,196,989,450,España,False,es
dosdece,211,781,625,,False,es
alfuerce,157,463,643,Valencia,False,es
CRebombori,199,670,321,Valencia,False,es
Instasport_es,278,388,282,Valencia,False,es
horchatadaniel,324,356,449,Valencia,False,es
Cadameta,166,497,527,,False,es
mariale_rico,208,566,435,,False,en
GrupSociograma,427,320,417,Valencia,False,ca
elcoetfaller,164,308,426,,False,es
RaulFornesG,140,266,485,Barcelona,False,es
ealvarez27,398,957,359,Por el mundo,False,es
saturnnight,84,326,509,,False,es
laurafmo,272,432,465,Valencia,False,es
Yomca_vlc,249,266,313,Valentia Edetanorum,False,es
AmparoCots,223,307,340,,False,es
terra_urbe,226,858,718,Valencia,False,es
aarquitecturia,360,331,748,Valencia,False,es
SndraMk,152,692,741,Sweet Home,False,es
jesusevila,144,707,247,Valencia,False,en
rafalvaro14,53,364,864,Valencia,False,es
Lar32,44,314,260,Valencia,False,es
arocrisme,38,398,421,,False,ca
CCORRALP,239,683,843,Valencia,False,es
pablohmin,145,383,372,,False,es
freetourvlc,311,373,567,Valencia,False,es
oratge_LTV,859,323,726,,False,es
JulioASabater,79,469,262,Valencia-España,False,es
NeusBonnin,378,797,405,Barcelona - Palma,False,ca
CarlosGimeno146,110,366,541,,False,es
loird27,47,459,287,,False,es
laupagar,108,308,693,Valencia,False,es
estela__ros,16,383,291,,False,es
Ldoradosorli,149,285,389,Valencia,False,es
eu_geniavi,62,717,245,Sagunt,False,es
ReReadValencia,274,296,531,Gran V\u00eda Ram\u00f3n y Cajal,False,es
estheresss,324,726,428,Venta del Moro-Valencia,False,es
SteinwayLois,53,305,681,,False,es
alberdiaz_1996,124,840,245,Valencia,False,es
Marcosthorgal,96,352,264,Valencia,False,es
fallaicatolica,1373,728,359,Salamanca 14,False,es
6Veus,413,374,294,Valencia,False,ca
gicaonline,73,676,692,Valencia,False,es
Roberteta1,190,710,740,,False,es
jobaru3,155,523,504,Museros,False,es
BuscandoaPenny,46,422,499,,False,en
QRipoll,82,281,325,Altea,False,es
sostre_org,304,382,383,Valencia,False,es
bottomest,282,336,323,Valencia,False,es
Sotanito,53,603,242,,False,es
ToniMarcoAlbert,381,568,490,,False,es
FolgadoAldaier,61,420,315,,False,ca
VTALENS,196,271,861,Val\u00e8ncia / Calp,False,es
media_lorena,110,337,502,Valencia,False,en
Kala_Mar,172,381,860,Valencia,False,es
rosaber78,133,388,244,Silla,False,es
Valencia_happy,812,695,481,Valencia,False,es
xino_moreno,193,509,563,Castell\u00f3n,False,es
jorge_dejuan,194,548,659,,False,es
JoanDavidboix,73,457,278,,False,es
LocandiaEstudio,232,647,541,Quart de Poblet,False,es
gentdealboraya,266,263,407,Valencia,False,es
La_Recovera,330,613,395,Valencia,False,es
polipropile,118,835,353,Barcelona,False,ca
Ibosalma,374,629,736,Valencia,False,es
SarayMas,187,475,586,Valencia,False,es
M74671665,51,305,589,,False,es
vicgira,118,547,456,Valencia,False,es
javiscos,222,895,632,pv,False,es
viuenvalencia,1673,533,612,Valencia,False,ca
Alex_Olmos80,42,394,595,,False,es
albafp1,280,777,494,,False,ca
tornemvlc,161,304,578,,False,es
anaserrap,288,746,697,Spain-Valencia,False,es
inmamvercher,184,876,831,,False,es
MariaJoseGilT,86,403,255,,False,es
clubrugbyvlc,373,431,767,Valencia,False,es
eltiopepo,69,384,859,,False,es
Miguel_Mollar,190,684,370,Valencia,False,es
klaram,252,443,347,Valencia,False,es
yinsenstudio,700,393,532,,False,es
AlexVillaClari,218,370,430,,False,es
josclimar,216,754,700,Val\u00e8ncia - La Llosa de Ranes,False,ca
OliviaCestevez,166,741,287,Valencia,False,es
srospardo,36,322,309,Valencia,False,en
gbereng,77,265,858,Valencia,False,es
akatedra,130,1008,350,,False,es
Maria_VargasUPV,169,355,566,,False,es
xatet11,93,488,393,manuel ( valencia),False,es
belengodu,126,355,539,,False,es
CCrispatrix,57,329,448,,False,es
eudald62,93,272,390,Val\u00e8ncia-Marraqu\u00e8ix,False,ca
luisestarlich,256,544,867,Madrid-Val\u00e8ncia,False,es
aialbal,116,580,319,Valencia,False,es
churret68,78,301,467,Valencia,False,es
Noe_jc30,28,354,271,Valencia,False,es
Carluitos,65,269,355,,False,es
IsraelSanchis,89,849,328,Picassent,False,es
MiquelMinyo,83,429,687,Alboraia,False,es
96_josep,210,299,506,l'Alc\u00fadia,False,es
ramn_rodrigo,182,508,597,,False,es
mpcuesta12,27,332,463,,False,es
valhalaboy,47,484,344,Valencia-Sueca,False,es
joseviana72,129,377,556,,False,es
samcarcaixent,219,497,651,Valencia,False,ca
ic_sefa,56,411,876,Valencia,False,es
Pau_Taiotoshi,266,798,543,,False,ca
benicadell1,182,404,400,Benicadell,False,es
torubio,72,291,691,Valencia,False,en
Noeliia3,53,428,399,Valencia & Cardiff,False,es
Edufelip25,79,376,307,Sollana,False,es
SergioZama,130,706,643,,False,es
Begomartpel,209,639,294,Valencia,False,es
JoseLuisLcl,12,319,332,Valencia,False,es
JavierJmdv,51,288,365,,False,es
Tronerika,179,746,383,Las Quinchas,False,es
lauggio,55,278,772,,False,es
Merry1072,127,415,481,Comunidad Valenciana,False,es
MJesusSoler,54,474,901,,False,es
ToniPuertes,231,625,465,Valencia,False,es
Gk_Castillo,102,274,387,,False,es
acvelasociacion,184,325,500,,False,es
PilarEsquibel,257,603,302,,False,en
pepefontan18,83,334,566,Valencia,False,es
joanaalfe,87,372,633,,False,es
PauCaparros,259,255,420,Di\u00e0nia,False,ca
Jormardi,270,313,750,Valencia,False,es
Pikaorea,49,408,339,,False,es
Olakeas38640793,98,974,690,PV l||l,False,ca
ElisaOrTe,313,757,319,Valencia,False,ca
tasoccc,29,523,802,Valencia,False,es
AntolinoAlarcon,107,524,309,Valencia,False,es
rafammz,65,339,872,,False,ca
aladin_raseca,48,511,377,Valencia,False,es
JorgeHervasMas,149,379,278,Gandia,False,es
johanbbo,272,352,263,De la Marina,False,es
fjsanrod,88,320,391,Valencia,False,es
oskarvlc01,61,555,273,Camp de T\u00faria(Pa\u00efsos Catalans),False,es
Kenencio,130,756,768,Barcelona Haupstadt (Gracia),False,es
AuxiSotodosos,129,950,352,,False,es
cosuna80,66,530,297,,False,es
RamirezBarjoan,42,368,502,,False,es
gutobras007,52,560,255,Valencia,False,es
alvarobgutiel,291,731,844,Utiel,False,es
titomancebo,90,504,535,,False,es
albertillo78,98,572,751,Valencia,False,es
adrymc96,197,619,885,España,False,en
LMArroyoG,431,999,342,Valencia,False,es
bermole20,150,642,810,Valencia - 46020 (Benimaclet),False,es
ramonbermell,72,400,774,Valencia,False,es
MonfortAlberto,25,496,336,,False,es
climent_toni,317,680,506,,False,es
JoseanGarsan,96,897,288,Valencia,False,es
hugoesunapatata,107,311,787,Patatolandia,False,es
Peperubert,198,561,319,Valencia,False,es
ignatiushdz,83,420,260,,False,es
Joaan91,66,399,599,Valencia,False,es
CSalvardor,38,406,617,,False,es
roman_agu,82,472,276,Agullent/Val\u00e8ncia,False,es
sertosmar,120,846,367,Valencia,False,es
xavier_andrs,87,661,421,,False,es
Chusitisima1,58,555,317,Valencia,False,es
vaneoller,146,778,536,Sueca,False,es
Josenicolarive,258,685,907,,False,es
BelenBecali,213,486,660,Miembro de Valencia en bici,False,es
daridofer,50,285,410,,False,es
pacoalemanfons,76,452,539,Valencia,False,es
ajdonet,60,693,328,,False,es
LunaInmaC,214,578,722,Valencia,False,es
nuria_llopisb,635,343,675,Valencia,False,es
RocioVald,124,559,788,Valencia,False,es
Pucholoncio,75,501,288,,False,es
CulturaBarris,463,452,571,Valencia,False,es
annaroan,149,535,562,,False,es
viclouies,255,664,556,,False,es
GallardoRico,108,316,371,,False,es
prismagourmet,331,857,534,Valencia,False,es
jdaimusero,61,650,740,,False,es
miguelgrau84,701,380,266,Valencia,False,es
CrisMP1,171,430,806,Alacant/Valencia,False,es
juanfe_malaidea,150,278,457,,False,es
Vanepemu,86,271,275,,False,es
anmomfer,124,779,885,,False,es
GarZarak,35,258,558,PV,False,es
cortaz5,79,471,378,Valencia,False,es
luiscaplliure,266,529,575,,False,es
espatry,78,346,714,,False,es
Alex2k,68,413,778,Valenciast\u00e1n,False,es
sabatercarles,76,334,526,,False,es
esolg,71,533,807,,False,ca
isapseudo,158,264,673,Valencia,False,es
miguelroh,88,271,689,,False,es
Susana_Piqueras,144,405,244,Valencia,False,es
ironandmoni,142,420,605,Valencia,False,es
Kike_Molla,334,997,715,Muro de l'Alcoi - Valencia,False,es
fragilpe,83,261,323,,False,es
CasanovaLl,123,409,699,,False,ca
segarra96,211,447,648,Sueca - Ribera Baixa,False,ca
sietevalles,136,300,536,En estos momentos en Valencia ,False,es
ceferra,276,545,784,Valencia,False,en
miguestivella,68,284,703,,False,es
LaCarraspera,333,356,361,Comunitat Valenciana,False,es
joanhornos,531,462,432,Valencia,False,ca
ramonmape,59,286,560,Valencia,False,es
MILARNAU,26,449,330,Valencia,False,es
madorcel,76,262,812,Calles,False,es
eva_fern_,46,307,426,Valencia,False,es
HarperLanegan,57,379,419,,False,es
AlexPuigvert,205,373,404,Alzira (Valencia),False,es
Susa_vlc,45,289,549,,False,es
manutte5,257,485,411,,False,es
David95Malva,168,268,594,,False,es
neus_cer,231,357,658,Valencia,False,ca
marietamunoz,102,526,587,Valencia,False,es
SantiMirabet,127,485,827,Valencia,False,es