nombre,expansion,abc,el Confidencial,el Imparcial,el Economista,la Gaceta,el Mundo,20 Minutos,el Espanol,el Pais,El Huffington Post,el Plural,publico,infoliblre,eldiario.es,Equilibrio,Balanceo,Saturacion
Stuart_Docherty,0,0,0,0,0,0,0,0,0,0,0,0,0,0,0,,,
prietomar0,1,0,0,0,0,0,0,0,0,0,0,0,0,0,0,no,Desbalance a la derecha,monosaturada
jmperez1981,0,1,0,0,0,0,1,0,0,0,0,0,0,0,0,no,Desbalance a la derecha,monosaturada
jjsgtea,0,0,0,0,0,0,0,0,0,0,1,0,1,1,1,no,Desbalance a la izquierda,monosaturada
Carlos28996,0,1,0,0,0,0,1,1,0,1,0,0,1,0,0,no,Desbalance a la izquierda,monosaturada
pascual_milan_a,1,0,1,0,1,0,1,0,0,1,0,0,0,0,0,no,Desbalance a la derecha,monosaturada
FlowH2020,0,0,0,0,0,0,0,0,0,0,0,0,0,0,0,,,
PorVlc,0,0,0,0,0,0,0,0,1,0,0,0,0,0,0,no,si,monosaturada
JCarlosVillena,0,0,0,0,0,0,0,0,0,0,0,0,0,0,0,,,
sausalito_vlc,0,0,0,0,0,0,0,0,0,0,0,0,0,0,0,,,
ElRogle_MiA,0,0,0,0,0,0,1,0,0,1,1,0,1,0,1,no,Desbalance a la izquierda,monosaturada
PaxInstituto,1,0,0,0,0,0,0,0,0,1,0,0,0,0,0,no,si,monosaturada
comite_economic,1,0,0,0,1,0,1,1,0,0,0,0,0,0,0,no,Desbalance a la derecha,monosaturada
taxiscontraley,0,1,0,0,0,0,1,1,0,1,0,0,1,0,1,no,Desbalance a la izquierda,saturada
IsaRuiz16,0,0,0,0,0,0,0,0,0,0,0,0,0,0,0,,,
f_elsjovenils,0,0,0,0,0,0,0,0,0,0,0,0,0,0,0,,,
DecidimExterior,0,0,0,0,0,0,0,0,0,0,0,0,1,0,1,no,Desbalance a la izquierda,monosaturada
MariaFustertv,0,0,1,0,0,0,1,1,0,1,1,0,1,0,1,no,Desbalance a la izquierda,saturada
quelinmon,0,0,1,0,0,0,1,1,0,1,0,0,0,0,0,no,si,monosaturada
KuzinaVLC,0,0,0,0,0,0,0,0,0,0,0,0,0,0,0,,,
jvzorrilla,0,0,0,0,0,0,0,0,0,0,0,0,0,0,0,,,
juanandrei99,0,1,0,0,0,0,0,0,0,0,0,0,0,0,0,no,Desbalance a la derecha,monosaturada
pau4n,1,0,0,0,1,0,0,0,0,0,1,0,0,0,0,no,Desbalance a la derecha,monosaturada
AndreuEJ,0,0,0,0,0,0,0,0,0,0,0,0,0,0,0,,,
Annasther,0,0,1,0,0,0,1,1,0,1,0,0,1,1,0,no,Desbalance a la izquierda,saturada
lobodemar46,0,0,0,0,0,0,0,0,0,1,0,0,0,0,1,no,Desbalance a la izquierda,monosaturada
fernandez_bey,0,0,0,0,0,0,1,1,0,1,0,0,1,1,1,no,Desbalance a la izquierda,saturada
MAJARATXI1,0,1,1,0,0,0,1,1,0,1,0,0,1,0,1,no,Desbalance a la izquierda,saturada
Vyaches_Shev,0,1,0,0,0,0,0,0,0,0,0,0,0,0,0,no,Desbalance a la derecha,monosaturada
antoniomonsalve,0,0,0,0,0,0,0,0,0,0,0,0,0,0,0,,,
viloga61,0,0,0,0,1,0,1,1,0,1,0,1,1,1,1,no,Desbalance a la izquierda,saturada
CJVlc,0,0,0,0,0,0,1,1,0,1,0,0,1,0,1,no,Desbalance a la izquierda,monosaturada
vgoni_victor,0,1,1,0,0,0,1,1,1,1,0,0,1,1,1,no,Desbalance a la izquierda,saturada
n_mentxu,0,0,0,0,0,0,1,0,0,1,0,1,1,1,1,no,Desbalance a la izquierda,saturada
NonoRegaa,0,0,1,0,0,0,1,1,0,1,1,0,1,0,1,no,Desbalance a la izquierda,saturada
FxJusticia,0,0,0,0,0,0,1,0,0,0,0,0,1,0,1,no,Desbalance a la izquierda,monosaturada
enfermEIRizada,0,0,0,0,0,0,0,0,0,0,0,0,0,0,0,,,
enrikin58,0,0,0,0,1,0,0,0,0,1,0,0,1,0,0,no,Desbalance a la izquierda,monosaturada
lavalencianaLVC,0,0,0,0,0,0,0,0,0,0,0,0,0,0,0,,,
Fuensan7,0,0,0,0,0,0,0,1,0,1,0,0,1,0,1,no,Desbalance a la izquierda,monosaturada
luismonsoriu,0,0,0,0,0,0,0,1,0,0,0,0,1,1,0,no,Desbalance a la izquierda,monosaturada
PaulaBamar,0,1,0,0,0,0,1,0,0,1,0,0,1,0,0,no,Desbalance a la izquierda,monosaturada
SalazarArq,0,0,0,0,0,0,0,0,0,0,0,0,0,0,0,,,
smarvi,0,0,1,0,0,0,0,1,0,0,0,0,0,0,0,no,Desbalance a la derecha,monosaturada
seplarui,0,0,0,0,0,0,0,0,0,0,0,0,0,0,0,,,
ConsuladoRD_vlc,0,1,1,0,0,0,1,1,0,1,0,0,1,0,1,no,Desbalance a la izquierda,saturada
strll14,0,0,0,0,0,0,0,1,1,1,1,0,1,0,0,no,Desbalance a la izquierda,monosaturada
jaimegprado,0,0,0,0,0,0,0,0,0,1,0,0,0,0,0,no,Desbalance a la izquierda,monosaturada
AndreaMarinJ,0,1,1,0,0,0,1,1,0,1,0,0,1,0,0,no,si,saturada
MayorAtir,0,0,0,0,0,0,0,0,0,0,0,0,1,1,1,no,Desbalance a la izquierda,monosaturada
Onemallorketa,0,0,0,0,0,0,0,0,0,0,0,0,0,0,0,,,
sapamajo,0,0,0,0,0,0,0,0,0,0,0,0,0,0,0,,,
ARXIUISMAEL,0,0,0,0,0,0,0,0,0,0,0,0,0,0,0,,,
Hegeliriana,0,0,0,0,0,0,1,1,1,1,0,0,1,1,1,no,Desbalance a la izquierda,saturada
andymakaroff,1,0,0,0,1,0,0,0,0,0,0,1,1,1,1,no,Desbalance a la izquierda,saturada
reichstresada,0,0,0,0,0,0,0,0,0,1,1,0,1,1,0,no,Desbalance a la izquierda,monosaturada
valencia2016ya,1,1,1,0,1,1,1,0,1,1,0,0,0,0,0,no,Desbalance a la derecha,saturada
CiaEncar,1,1,0,0,0,0,1,1,1,1,1,0,1,1,1,no,Desbalance a la izquierda,polisaturada
afic_xirivella,1,0,1,0,1,0,1,1,0,1,1,0,1,0,0,si,si,saturada
tonyjones_,0,0,0,0,0,0,1,0,0,1,0,0,0,0,1,no,Desbalance a la izquierda,monosaturada
AVPCAlcudia,0,0,0,0,0,0,0,0,0,0,0,0,0,0,0,,,
ValenciaWriters,0,0,0,0,0,0,0,0,0,0,0,0,0,0,0,,,
AMPADansaVLC,0,0,0,0,0,0,0,0,0,1,0,0,1,0,0,no,Desbalance a la izquierda,monosaturada
virginiasf3,0,0,1,0,0,0,0,0,0,1,1,0,1,1,1,no,Desbalance a la izquierda,saturada
ruvial7,0,0,0,0,0,0,0,0,0,1,0,0,1,0,0,no,Desbalance a la izquierda,monosaturada
ultralocalia,0,0,1,0,0,0,0,0,0,1,0,0,1,0,1,no,Desbalance a la izquierda,monosaturada
BalaguerMentxu,0,0,0,0,0,0,0,0,0,1,0,0,0,0,0,no,Desbalance a la izquierda,monosaturada
LaTeuaRadio,0,1,0,0,0,0,1,0,0,1,0,0,0,0,0,no,si,monosaturada
Ortoprono,0,0,0,0,0,0,0,0,0,0,0,0,0,0,0,,,
inf24,1,1,1,0,1,0,1,1,1,1,1,0,1,1,1,si,Desbalance a la izquierda,polisaturada
mes_david,0,0,0,0,0,0,0,0,0,0,0,1,1,0,1,no,Desbalance a la izquierda,monosaturada
vero22soria5,1,1,1,0,0,0,1,1,0,1,1,0,1,0,1,no,Desbalance a la izquierda,saturada
Manulaguia,0,0,0,0,0,0,0,0,0,0,0,0,0,0,0,,,
HilbrechtB,0,0,0,0,0,0,0,0,0,0,0,0,0,0,0,,,
jandro81,0,0,0,0,0,0,0,0,0,0,0,0,0,0,0,,,
Nuttralia,0,0,0,0,0,0,0,0,0,1,0,0,0,0,0,no,Desbalance a la izquierda,monosaturada
elreplicante,0,0,0,0,0,0,0,0,0,0,0,0,0,0,0,,,
miquelvallejo,1,0,1,0,1,0,1,0,0,1,1,0,1,1,1,si,Desbalance a la izquierda,saturada
AngelesCuenca2,1,1,1,0,1,0,1,1,1,1,1,0,1,0,1,si,si,polisaturada
JoseGea4,0,0,0,0,0,0,0,0,0,1,0,0,0,0,1,no,Desbalance a la izquierda,monosaturada
JIniciativaVLC,0,0,0,0,0,0,0,0,0,0,0,0,0,0,0,,,
Hectorcortesma,0,0,0,0,0,0,0,0,0,0,0,0,0,0,0,,,
OrtizSzAndrea,0,0,0,0,0,0,0,0,0,1,1,0,1,0,1,no,Desbalance a la izquierda,monosaturada
monicadmh,0,0,0,0,0,0,0,0,0,1,1,0,0,0,0,no,Desbalance a la izquierda,monosaturada
atelierGastro,0,0,0,0,0,0,1,1,0,0,0,0,0,0,1,no,Desbalance a la izquierda,monosaturada
_SOBREVIVE_,0,0,0,0,0,0,0,0,0,0,0,0,0,0,0,,,
luis_carralero,0,0,0,0,0,0,0,1,0,1,0,0,0,0,0,no,Desbalance a la izquierda,monosaturada
TalensIsabel,0,0,0,0,0,0,0,0,0,1,0,0,1,1,1,no,Desbalance a la izquierda,monosaturada
natxotarazona,0,0,0,0,0,0,0,0,0,1,1,0,1,0,1,no,Desbalance a la izquierda,monosaturada
CiudadanaLorena,0,1,1,0,0,0,1,1,0,1,1,0,1,0,1,no,Desbalance a la izquierda,saturada
sandia_sir,0,0,0,0,0,0,1,0,0,0,0,0,0,0,0,no,si,monosaturada
Estefania88Ines,0,0,0,0,0,0,0,0,0,0,0,0,0,0,0,,,
alespaes,0,0,0,0,0,0,0,0,0,0,0,0,0,0,0,,,
ramonpv_,0,0,0,0,0,0,0,0,0,1,0,1,1,1,1,no,Desbalance a la izquierda,monosaturada
ajvilamarxant,0,1,0,0,0,0,1,1,0,1,0,0,1,1,1,no,Desbalance a la izquierda,saturada
carlessoler,0,0,0,0,0,0,1,0,0,1,0,0,1,0,0,no,Desbalance a la izquierda,monosaturada
ainapiera,0,1,0,0,0,0,1,0,0,1,1,0,0,1,1,no,Desbalance a la izquierda,saturada
kum111,1,1,1,0,0,1,1,1,1,1,0,0,1,0,1,si,Desbalance a la derecha,polisaturada
martincampos,0,0,0,0,0,0,1,0,0,1,0,0,0,0,0,no,Desbalance a la izquierda,monosaturada
palaualameda,0,0,0,0,0,0,0,0,0,0,0,0,0,0,0,,,
baibouwil,0,1,1,0,0,0,1,1,1,1,1,0,1,0,1,no,Desbalance a la izquierda,saturada
mavi_mestre,0,0,0,0,0,0,0,0,0,0,0,0,0,0,0,,,
patriot_swiss,0,0,1,0,0,0,0,1,0,0,0,1,1,1,1,no,Desbalance a la izquierda,saturada
lauramsotodosos,0,0,0,0,0,0,1,1,0,1,0,0,0,0,0,no,Desbalance a la izquierda,monosaturada
nh487,1,1,1,0,1,0,1,1,1,1,0,0,1,0,1,si,Desbalance a la derecha,polisaturada
AVETID,0,0,0,0,0,0,0,0,0,1,0,0,0,0,0,no,Desbalance a la izquierda,monosaturada
NatiMartnez,0,0,0,0,0,0,0,0,0,1,0,0,0,0,0,no,Desbalance a la izquierda,monosaturada
MnicaBou,0,0,0,0,0,0,0,0,0,0,0,0,1,0,0,no,Desbalance a la izquierda,monosaturada
LaLolaBoreal,0,0,0,0,0,0,0,0,0,1,0,0,0,0,1,no,Desbalance a la izquierda,monosaturada
TeruelJF,0,0,0,0,0,0,1,0,0,1,0,0,0,0,0,no,Desbalance a la izquierda,monosaturada
PilarParreno,0,1,1,0,0,0,1,1,0,1,1,0,1,1,1,no,Desbalance a la izquierda,saturada
pterodactive,0,0,0,0,0,0,0,0,0,0,0,0,0,0,0,,,
elen_gc,0,0,0,0,0,0,0,0,0,0,0,0,0,0,0,,,
ross_mccluney,0,1,0,0,0,0,1,1,0,1,0,0,0,0,0,no,si,monosaturada
aruiiz87,0,1,0,0,0,0,1,1,0,1,1,0,0,0,0,no,Desbalance a la izquierda,monosaturada
BahamonMIRA,0,0,0,0,0,0,0,0,0,0,0,0,0,0,0,,,
taxidermius,0,1,0,0,0,0,0,0,0,0,0,0,1,0,0,no,si,monosaturada
SoyUnaRumbera,0,0,0,0,0,0,0,0,0,1,0,0,0,0,0,no,Desbalance a la izquierda,monosaturada
CemarCla,0,0,0,0,0,0,0,0,0,0,0,0,0,0,0,,,
eapscv,0,0,0,0,0,0,0,0,0,1,0,0,0,0,0,no,Desbalance a la izquierda,monosaturada
gana_energia,1,0,0,0,0,0,0,0,0,0,0,0,0,0,1,no,si,monosaturada
nonadada_,0,1,0,0,0,0,1,1,0,1,0,0,1,1,1,no,Desbalance a la izquierda,saturada
badlandsoficial,0,0,0,0,0,0,0,0,0,0,0,0,0,0,0,,,
FMGValencia,0,0,1,0,0,0,1,1,0,1,0,0,0,0,0,no,si,monosaturada
FMGValencia,0,0,1,0,0,0,1,1,0,1,0,0,0,0,0,no,si,monosaturada
jmiguelaleman,0,0,0,0,0,0,0,0,0,0,0,0,0,0,1,no,Desbalance a la izquierda,monosaturada
crisibarbero,0,0,0,0,0,0,0,0,0,0,0,0,0,0,0,,,
crisdetorre,0,0,0,0,0,0,0,0,0,0,0,0,0,0,0,,,
alex4panzer,0,1,1,0,1,0,1,0,1,1,1,0,1,1,1,si,Desbalance a la izquierda,polisaturada
vhalesk,0,1,0,0,0,0,0,1,0,1,0,0,0,0,0,no,si,monosaturada
Alba_Mulet,0,0,0,0,0,0,0,0,0,1,0,0,0,0,0,no,Desbalance a la izquierda,monosaturada
CarmenZarzuela1,0,0,0,0,0,0,0,0,0,1,0,0,0,1,1,no,Desbalance a la izquierda,monosaturada
WGAlicante,0,0,0,0,0,0,1,1,0,1,0,0,0,1,1,no,Desbalance a la izquierda,monosaturada
JosepMSapinya,0,0,0,0,0,0,0,0,0,0,0,0,1,0,1,no,Desbalance a la izquierda,monosaturada
eduardgs,0,0,1,0,0,0,0,1,0,1,0,1,1,1,1,no,Desbalance a la izquierda,saturada
VeroCastilloG1,0,0,0,0,0,0,0,0,0,1,0,0,0,0,0,no,Desbalance a la izquierda,monosaturada
Pep_Tronik,0,0,0,0,0,0,0,0,0,0,0,0,0,0,0,,,
emilioferca,1,1,1,0,1,0,1,1,1,1,0,0,0,0,1,si,Desbalance a la derecha,saturada
grupoapuyen,0,0,0,0,1,0,0,0,0,0,0,0,0,0,0,no,Desbalance a la derecha,monosaturada
FValenciaport,1,0,0,0,1,0,1,0,0,1,0,0,1,0,1,si,Desbalance a la izquierda,saturada
oskrblade,0,0,0,0,1,0,0,1,0,0,0,0,0,0,0,no,Desbalance a la derecha,monosaturada
13Oigres,0,0,1,0,0,0,0,0,0,0,0,0,0,0,0,no,Desbalance a la derecha,monosaturada
PazPenalba,0,0,0,0,0,0,0,0,0,1,0,0,0,0,0,no,Desbalance a la izquierda,monosaturada
Danimf89,0,0,0,0,0,0,0,0,0,0,0,0,0,0,0,,,
ireguas,0,1,1,0,1,0,1,0,1,1,1,0,0,0,0,no,Desbalance a la derecha,saturada
cguisasolal,0,0,0,0,0,0,0,0,0,0,0,0,0,0,0,,,
ccooplv,0,0,1,0,0,0,0,0,0,0,0,1,1,1,1,no,Desbalance a la izquierda,monosaturada
JoseJuan_GC,0,0,0,0,0,0,0,0,0,0,0,0,1,1,1,no,Desbalance a la izquierda,monosaturada
danilluchf,0,0,1,0,1,0,1,1,0,1,0,0,0,0,0,no,Desbalance a la derecha,monosaturada
ArturoNavarro77,1,0,1,0,1,0,1,0,0,1,1,1,0,1,1,si,Desbalance a la izquierda,saturada
vicentagermanat,0,0,0,0,0,0,0,0,0,0,0,0,0,0,1,no,Desbalance a la izquierda,monosaturada
alterio,0,1,0,0,0,0,1,0,0,1,0,0,0,0,0,no,si,monosaturada
saboresdeanabel,1,1,1,0,1,0,1,1,0,1,1,0,0,0,1,si,Desbalance a la derecha,saturada
AdrianQuiles5,1,0,0,0,1,0,0,0,1,0,0,0,0,0,1,no,Desbalance a la derecha,monosaturada
gast1431,0,0,0,0,1,0,0,0,0,0,0,0,1,0,0,no,si,monosaturada
Pty25,0,1,1,0,0,0,1,1,0,1,0,0,1,0,0,no,si,saturada
ColEsquella,0,0,0,0,0,0,0,0,0,0,0,0,0,0,0,,,
mixygan,0,0,0,0,0,0,0,0,0,0,0,0,0,0,0,,,
Cristina_Navrro,0,0,0,0,0,0,0,0,0,0,0,0,0,0,1,no,Desbalance a la izquierda,monosaturada
mire_iaM,0,0,0,0,0,0,1,0,0,1,0,0,1,0,0,no,Desbalance a la izquierda,monosaturada
davidsanz04,1,0,1,0,1,0,0,0,1,0,1,1,1,1,1,si,Desbalance a la izquierda,saturada
minstrawn,0,0,0,0,0,0,0,0,0,0,0,0,0,0,0,,,
CapitanSanchezG,0,1,0,0,0,0,1,0,1,1,0,0,1,0,0,no,Desbalance a la izquierda,monosaturada
Albert_SorianoR,0,0,0,0,0,0,0,0,0,1,0,0,0,0,0,no,Desbalance a la izquierda,monosaturada
Toritrombon,0,0,0,0,0,0,0,0,0,0,0,0,0,0,1,no,Desbalance a la izquierda,monosaturada
MONiCRE74,1,0,0,0,1,0,1,1,0,1,1,0,1,0,0,si,Desbalance a la izquierda,saturada
nacho1788,0,0,0,0,0,0,0,0,0,0,1,0,1,1,1,no,Desbalance a la izquierda,monosaturada
InmaLopezRRHH,1,0,1,0,1,0,1,1,0,1,1,0,0,0,0,no,Desbalance a la derecha,saturada
montalt_coco,0,0,1,0,0,0,1,0,1,1,0,0,0,0,0,no,si,monosaturada
MamoruSc2,0,0,0,0,0,0,0,0,0,0,0,0,1,0,1,no,Desbalance a la izquierda,monosaturada
defenemvalencia,0,0,0,0,0,0,0,0,0,0,0,0,0,0,0,,,
anacebri,0,0,1,0,0,0,0,0,0,1,0,0,1,0,0,no,Desbalance a la izquierda,monosaturada
Juanintweet,0,0,0,0,0,0,0,0,0,0,0,0,0,0,0,,,
saragimenez,0,1,0,0,0,0,1,0,1,1,0,0,1,0,0,no,Desbalance a la izquierda,monosaturada
CuPromis,0,1,1,0,0,0,1,1,1,1,0,0,0,0,0,no,Desbalance a la derecha,saturada
FevadaceDca,0,0,0,0,0,0,1,0,0,1,0,0,0,0,0,no,Desbalance a la izquierda,monosaturada
community_21,0,1,0,0,0,0,1,1,0,1,1,1,1,1,1,no,Desbalance a la izquierda,saturada
MiriamSifre,0,0,0,0,0,0,0,0,0,0,0,0,0,0,0,,,
gonsalet,0,0,0,0,0,0,0,1,0,1,0,0,1,1,1,no,Desbalance a la izquierda,monosaturada
237chb,1,1,1,0,1,0,1,1,1,1,0,1,1,1,1,si,Desbalance a la izquierda,polisaturada
ConnectaNatura,0,0,0,0,0,0,0,0,0,0,0,0,0,0,0,,,
romanlopezruiz,0,0,0,0,0,0,0,0,0,0,1,0,0,1,1,no,Desbalance a la izquierda,monosaturada
morador75,1,1,1,0,1,0,1,0,1,1,1,0,1,1,1,si,Desbalance a la izquierda,polisaturada
poncerilla,0,0,0,0,0,0,0,0,0,0,0,0,1,0,0,no,Desbalance a la izquierda,monosaturada
elhuertodetatay,0,0,0,0,0,0,0,0,0,0,0,0,0,0,0,,,
Pilardanza,0,1,1,0,0,0,1,1,0,1,1,0,1,1,1,no,Desbalance a la izquierda,saturada
Ajaadvlp,0,0,0,0,0,0,0,0,0,0,0,0,0,0,0,,,
Klomiken,0,0,1,0,0,0,0,0,0,0,0,0,0,0,0,no,Desbalance a la derecha,monosaturada
angeltuba,0,0,0,0,0,0,0,0,0,0,0,0,0,0,0,,,
GeneArtHis,0,0,0,0,0,0,0,0,0,0,0,0,0,0,0,,,
pinturillax,0,0,0,0,0,0,0,0,0,0,0,0,1,1,0,no,Desbalance a la izquierda,monosaturada
ColomarG,0,0,0,0,0,0,0,0,0,0,0,0,0,0,0,,,
mfilgueiram,1,0,0,0,0,0,0,0,0,0,0,0,0,0,0,no,Desbalance a la derecha,monosaturada
EliLopez1617,0,0,1,0,0,0,1,0,0,1,0,0,0,0,0,no,si,monosaturada
Pedro56740872,0,0,1,0,0,0,0,0,0,0,0,0,1,1,1,no,Desbalance a la izquierda,monosaturada
AlbertoPG81,0,0,0,0,0,0,0,1,1,0,0,0,0,0,0,no,si,monosaturada
SandraFontestad,0,1,0,0,0,0,1,1,0,1,0,0,0,0,0,no,si,monosaturada
Diosthoth,0,1,0,0,0,0,1,1,0,1,1,0,0,0,0,no,Desbalance a la izquierda,monosaturada
ElisaMatallin,0,1,0,0,0,0,0,0,0,1,0,0,0,0,0,no,si,monosaturada
MarisaSaavedraM,0,0,0,0,0,0,0,1,0,0,0,0,1,1,1,no,Desbalance a la izquierda,monosaturada
carpediem1943,0,0,0,0,0,0,0,1,0,1,0,0,0,0,0,no,Desbalance a la izquierda,monosaturada
Teresa_Bueso,1,0,1,0,0,0,1,1,0,1,1,1,1,0,1,no,Desbalance a la izquierda,saturada
elenafera,0,0,0,0,0,0,0,0,0,1,0,0,0,0,0,no,Desbalance a la izquierda,monosaturada
puig78,0,0,0,0,0,0,0,1,0,0,0,0,1,0,1,no,Desbalance a la izquierda,monosaturada
M_ELMokaddem,0,0,0,0,0,0,0,0,0,0,0,0,0,0,0,,,
sergi0710,0,0,0,0,0,0,0,0,0,0,0,0,0,0,0,,,
Oskitar2017,0,0,0,0,0,0,0,0,0,1,1,0,1,1,1,no,Desbalance a la izquierda,monosaturada
XimoAmaya,0,1,1,0,0,0,1,1,0,1,0,0,1,0,0,no,si,saturada
MiltonRomeroQ,0,0,0,0,0,0,0,0,0,0,0,0,0,0,0,,,
IgnacioUauy,0,1,0,0,0,0,0,0,0,1,0,0,0,0,0,no,si,monosaturada
ericxinoxano,0,1,0,0,0,0,1,1,0,1,0,0,1,0,0,no,Desbalance a la izquierda,monosaturada
m_agrifood,0,0,0,0,0,0,0,0,0,1,0,0,0,0,0,no,Desbalance a la izquierda,monosaturada
conecta_familia,0,0,0,0,0,0,0,0,0,0,0,0,0,0,0,,,
marvasu,0,1,1,0,0,0,1,1,1,1,0,0,1,1,1,no,Desbalance a la izquierda,saturada
playgoxp,1,1,0,0,1,0,1,0,0,1,0,0,1,0,1,si,si,saturada
SantiagoAlbiolE,0,0,0,0,0,0,0,0,0,0,0,0,0,0,0,,,
joanros78,1,0,0,0,1,0,1,1,1,1,1,0,1,1,1,si,Desbalance a la izquierda,polisaturada
cm_dj,0,0,0,0,0,0,0,0,0,0,0,0,0,0,0,,,
JoseMGP,0,0,0,0,0,0,0,0,0,0,0,0,0,0,0,,,
nadkha,0,1,0,0,1,0,1,0,0,0,0,0,1,0,1,no,si,monosaturada
LorenaSilvent,0,0,0,0,0,0,0,0,0,0,0,0,0,0,0,,,
super_profes,0,0,0,0,0,0,0,0,0,1,0,0,0,0,0,no,Desbalance a la izquierda,monosaturada
MariaJesusBolta,0,0,0,0,0,0,0,0,0,1,0,0,1,0,0,no,Desbalance a la izquierda,monosaturada
oscar9999999,0,1,1,0,0,0,1,1,0,1,0,0,0,0,0,no,Desbalance a la derecha,monosaturada
carlosbanion,0,1,0,0,0,0,1,1,0,1,0,0,1,1,1,no,Desbalance a la izquierda,saturada
patxete,0,0,0,0,0,0,0,0,0,0,0,0,1,0,1,no,Desbalance a la izquierda,monosaturada
paunadal_1,0,0,1,0,0,0,0,0,0,0,0,0,0,0,1,no,si,monosaturada
arp_valencia,0,1,1,0,0,0,1,1,1,1,0,1,1,0,1,no,Desbalance a la izquierda,saturada
_maria_jo_,0,0,0,0,0,0,0,0,0,0,0,0,0,0,0,,,
josete047,0,0,0,0,0,0,0,0,0,0,0,0,0,0,0,,,
GrupoCemalu,0,0,0,0,0,0,0,0,0,0,0,0,0,0,0,,,
onlyisayno,0,0,0,0,0,0,0,0,0,1,0,0,0,0,0,no,Desbalance a la izquierda,monosaturada
zassEla,1,1,1,0,1,1,1,1,0,1,0,0,1,0,1,si,Desbalance a la derecha,polisaturada
Cantellet,0,0,0,0,0,0,0,0,0,1,0,0,1,0,0,no,Desbalance a la izquierda,monosaturada
danielcabero,0,0,0,0,0,0,0,0,1,0,0,0,0,0,0,no,si,monosaturada
florgp31,0,0,0,0,0,0,0,0,0,0,0,0,0,0,0,,,
VicentSway,0,0,0,0,0,0,0,0,0,0,0,0,1,1,1,no,Desbalance a la izquierda,monosaturada
iamalbertdotcom,0,0,1,0,0,0,1,1,0,1,0,0,1,0,1,no,Desbalance a la izquierda,saturada
romero_sanchis,0,0,0,0,0,0,0,0,0,0,0,0,0,1,0,no,Desbalance a la izquierda,monosaturada
Maria_Tordera,0,0,0,0,0,0,0,0,0,0,0,0,0,0,0,,,
torpeder666,0,0,0,0,0,0,0,0,0,1,0,0,1,0,0,no,Desbalance a la izquierda,monosaturada
bebiendoamorro,0,0,0,0,0,0,0,0,1,0,0,0,0,0,0,no,si,monosaturada
carboizco,0,0,0,0,0,0,1,0,0,1,0,0,1,1,1,no,Desbalance a la izquierda,monosaturada
almapa_94,0,0,1,0,1,0,1,0,0,1,0,1,1,0,0,si,Desbalance a la izquierda,saturada
InmaOrozco,0,0,0,0,0,0,0,0,0,0,0,0,0,0,0,,,
AlbroDavid,0,0,0,0,0,0,0,0,0,0,0,0,0,0,0,,,
FractalsEducart,0,0,0,0,0,0,0,0,0,0,0,0,0,0,0,,,
inmide_uv,0,0,0,0,0,0,1,0,0,1,0,0,0,0,1,no,Desbalance a la izquierda,monosaturada
cicloempresa,0,0,0,0,0,0,0,0,0,0,0,0,0,0,0,,,
katyjuanvi,0,1,0,0,0,0,0,0,0,1,0,0,0,0,0,no,si,monosaturada
DavidJSaiz,0,0,0,0,0,0,0,0,0,0,0,0,0,0,0,,,
JordiAlamanVLC,0,0,0,0,0,0,0,0,0,0,0,0,0,0,1,no,Desbalance a la izquierda,monosaturada
PodemMES,0,1,1,0,0,0,1,1,0,1,1,0,1,1,1,no,Desbalance a la izquierda,saturada
NuriaGrau4,0,1,0,0,0,0,1,1,0,1,0,0,1,0,1,no,Desbalance a la izquierda,saturada
WanJo_13,0,0,0,0,0,0,0,0,0,1,0,0,0,0,0,no,Desbalance a la izquierda,monosaturada
MsRipoll,0,0,0,0,0,0,0,0,0,1,1,0,0,0,0,no,Desbalance a la izquierda,monosaturada
AKIHOR,0,0,0,0,0,0,0,0,0,1,1,0,1,0,0,no,Desbalance a la izquierda,monosaturada
arantxayarza,0,0,0,0,0,0,1,0,0,1,1,0,1,0,1,no,Desbalance a la izquierda,monosaturada
ccdalfafar,0,0,0,0,0,0,0,1,1,1,0,0,1,1,1,no,Desbalance a la izquierda,saturada
ismelbooks,0,0,1,0,1,0,0,0,0,0,0,0,0,0,1,no,Desbalance a la derecha,monosaturada
Peace_pace_paix,0,0,0,0,0,0,0,0,0,0,0,0,0,0,0,,,
toni_ballester,0,0,0,0,0,0,0,0,0,0,0,0,0,0,0,,,
compromislavall,0,0,1,0,0,0,0,0,0,0,0,0,0,0,0,no,Desbalance a la derecha,monosaturada
CorredorMedite1,0,1,1,0,0,0,1,1,0,1,0,0,1,1,1,no,Desbalance a la izquierda,saturada
Psfutbol,0,0,0,0,0,0,0,0,0,0,0,0,0,0,0,,,
Lauritta_Fdz,0,0,0,0,0,0,0,0,0,0,0,0,0,0,0,,,
VedrunaValencia,0,1,0,0,0,0,1,0,0,1,0,0,0,0,0,no,si,monosaturada
nuria_jo,0,0,0,0,0,0,0,0,0,1,0,0,0,0,0,no,Desbalance a la izquierda,monosaturada
CSanRamon283,0,0,0,0,0,0,1,0,0,0,0,1,1,1,1,no,Desbalance a la izquierda,monosaturada
jmiguelguirado,1,1,1,0,1,0,1,1,1,1,0,0,0,0,0,no,Desbalance a la derecha,saturada
begojzcz,0,0,0,0,0,0,0,0,0,0,0,0,1,1,1,no,Desbalance a la izquierda,monosaturada
ingeniotortuga,1,1,1,0,0,0,1,1,1,1,0,0,1,0,1,no,si,saturada
sandra_paniagua,1,1,0,0,1,1,1,1,1,1,0,0,1,1,0,si,Desbalance a la derecha,polisaturada
eating_city,0,0,0,0,0,0,0,0,0,0,0,0,0,0,0,,,
lauramagr,0,0,0,0,0,0,0,0,0,0,0,0,0,0,0,,,
girona_neus,0,1,0,0,0,0,1,0,0,1,1,0,1,1,1,no,Desbalance a la izquierda,saturada
QuimTortajada,0,0,0,0,0,0,0,1,0,0,0,0,0,0,0,no,si,monosaturada
trezise_c,0,0,0,0,0,0,0,0,0,1,0,0,0,0,0,no,Desbalance a la izquierda,monosaturada
pspvfoios,0,1,0,0,0,0,1,1,0,1,0,0,1,0,0,no,Desbalance a la izquierda,monosaturada
Vader100110,0,0,0,0,0,0,0,0,0,0,0,0,0,0,0,,,
cchervas,0,0,1,0,0,0,1,1,1,1,1,1,1,1,1,no,Desbalance a la izquierda,polisaturada
cij_riba,0,0,0,0,0,0,0,1,0,1,0,0,0,0,0,no,Desbalance a la izquierda,monosaturada
vialeorti,0,0,0,0,0,0,1,0,1,1,1,0,0,0,0,no,Desbalance a la izquierda,monosaturada
elironista,0,1,1,0,0,0,1,0,1,1,1,1,1,1,1,no,Desbalance a la izquierda,polisaturada
angelajulve,0,1,1,0,1,0,1,0,0,0,0,0,0,0,0,no,Desbalance a la derecha,monosaturada
_ClaraEstrela,0,0,0,0,0,0,0,0,0,0,0,0,0,0,0,,,
Carlos_Oneinmob,0,0,1,0,0,0,1,0,0,0,0,0,0,0,0,no,Desbalance a la derecha,monosaturada
RuthWellbeing,0,0,0,0,0,0,0,0,0,0,0,0,0,0,0,,,
Pausanse,0,0,0,0,0,0,1,1,0,1,1,0,1,1,1,no,Desbalance a la izquierda,saturada
MZapata_84,0,0,0,0,0,0,0,0,0,0,0,0,0,0,0,,,
KHIDALGA,0,0,0,0,0,0,0,0,0,0,0,0,0,0,0,,,
rnatxo,0,1,0,0,0,0,1,0,0,1,0,0,0,0,0,no,si,monosaturada
mrcartiga,0,0,0,0,0,0,0,0,0,0,0,0,0,0,1,no,Desbalance a la izquierda,monosaturada
xferreti,1,1,1,0,1,0,1,1,0,1,1,0,1,1,1,si,Desbalance a la izquierda,polisaturada
afocacv_info,0,0,0,0,0,0,0,0,0,0,0,0,0,0,1,no,Desbalance a la izquierda,monosaturada
MiguelPicazoMa1,0,0,0,0,0,0,0,0,0,0,0,0,0,0,0,,,
rulovlc_10,0,0,0,0,0,0,0,0,0,0,0,0,0,0,0,,,
amparocervera1,0,0,0,0,0,0,0,0,0,1,0,0,0,0,1,no,Desbalance a la izquierda,monosaturada
Terelu_1980,0,0,0,0,0,0,0,1,0,0,0,0,1,0,1,no,Desbalance a la izquierda,monosaturada
albert_m24,0,0,0,0,0,0,0,0,0,1,1,0,0,0,0,no,Desbalance a la izquierda,monosaturada
LudwigTuerme,0,0,0,0,0,0,0,0,0,0,0,0,0,0,0,,,
rosaestevanher,0,1,1,0,0,1,1,1,1,1,0,0,1,0,1,si,si,saturada
oscarbarres1,0,1,1,0,1,0,1,1,0,1,0,0,1,0,1,si,si,saturada
AmadorFlores75,0,0,0,0,0,0,1,1,0,0,0,0,0,0,0,no,si,monosaturada
LaFerreraRest,0,0,0,0,0,0,1,0,0,0,0,0,0,0,0,no,si,monosaturada
DipuComarques,0,0,0,0,0,0,0,0,0,0,0,0,0,0,0,,,
ClaxonFreeman,0,0,0,0,1,0,1,0,1,0,0,0,1,0,1,no,Desbalance a la izquierda,monosaturada
el_fabre,0,0,1,0,0,0,0,0,0,1,0,0,0,0,1,no,Desbalance a la izquierda,monosaturada
juberi85,0,1,0,0,0,0,1,1,1,1,1,1,1,1,0,no,Desbalance a la izquierda,saturada
pablomolina95,0,1,0,0,0,0,1,0,0,1,0,0,0,0,0,no,si,monosaturada
P_Jorda19,1,0,0,0,1,0,1,0,0,1,1,0,1,0,0,si,Desbalance a la izquierda,saturada
JoseGamiz_RH,1,0,1,0,1,0,0,0,0,0,0,0,0,1,0,no,Desbalance a la derecha,monosaturada
PAKOAM,0,0,0,0,0,0,0,0,0,0,0,0,0,0,0,,,
BeachBol,0,0,0,0,0,0,0,0,0,0,0,0,0,0,0,,,
JaumeMTelmaulet,0,0,0,0,0,0,0,0,0,1,0,0,0,0,1,no,Desbalance a la izquierda,monosaturada
HecMarVi,0,0,0,0,0,0,0,0,0,1,1,0,0,0,0,no,Desbalance a la izquierda,monosaturada
FRVDistribucion,0,0,0,0,0,0,1,1,0,1,0,0,0,0,0,no,Desbalance a la izquierda,monosaturada
rivalfer,0,0,0,0,0,0,0,0,0,0,0,0,0,0,0,,,
ACPP_PV,0,0,0,0,0,0,1,1,0,1,0,0,0,1,1,no,Desbalance a la izquierda,monosaturada
meranyon,0,0,0,0,0,0,1,0,0,0,0,0,0,0,0,no,si,monosaturada
LeoVCF01,0,0,0,0,0,0,0,0,0,0,0,0,0,0,0,,,
pepemiquel,0,0,0,0,0,0,0,0,0,0,0,0,0,0,0,,,
gastroadictos,1,1,0,0,1,0,0,0,0,1,1,0,0,0,0,no,Desbalance a la derecha,monosaturada
SWIValencia,0,0,0,0,0,0,0,0,0,0,0,0,0,0,0,,,
jaime_garcial,1,1,1,0,1,0,1,0,1,0,1,0,0,0,0,no,Desbalance a la derecha,saturada
clovalda,0,0,0,0,0,0,0,0,0,0,1,0,0,0,1,no,Desbalance a la izquierda,monosaturada
presig114,0,0,1,0,0,0,0,0,1,0,0,0,0,0,0,no,Desbalance a la derecha,monosaturada
Flevalencia,0,0,0,0,0,0,0,0,0,0,0,0,0,0,0,,,
JosetxuValor,0,0,1,0,0,0,1,1,0,1,1,0,1,1,1,no,Desbalance a la izquierda,saturada
CristobalGP8,0,0,0,0,0,0,0,0,0,0,0,0,1,1,1,no,Desbalance a la izquierda,monosaturada
Comercial_HW,0,0,0,0,0,0,0,0,0,0,0,0,0,0,0,,,
isa_veleta,0,0,0,0,0,0,0,1,1,0,0,0,0,0,0,no,si,monosaturada
Sergio47418508,0,0,0,0,0,0,0,0,0,0,0,0,0,0,0,,,
cph40,0,0,0,0,0,0,1,0,1,1,1,0,0,0,1,no,Desbalance a la izquierda,monosaturada
VivoLidia,0,0,0,0,0,0,0,1,0,1,0,0,0,0,1,no,Desbalance a la izquierda,monosaturada
Monique_Leivas,0,0,0,0,0,0,0,0,0,1,0,0,0,0,0,no,Desbalance a la izquierda,monosaturada
masacega,0,1,0,0,0,0,1,0,0,1,0,0,0,0,0,no,si,monosaturada
jbernat16,0,1,0,0,0,0,1,1,0,1,0,0,1,0,0,no,Desbalance a la izquierda,monosaturada
PabloRandez3,0,0,0,0,0,0,1,0,0,0,0,0,0,0,0,no,si,monosaturada
FRA_Alaquas,0,0,0,0,0,0,0,0,0,0,0,0,0,0,0,,,
ClaraGonzalvez,0,0,0,0,1,0,0,0,0,1,1,0,1,1,1,no,Desbalance a la izquierda,saturada
RaunenPerth,0,1,0,0,0,0,1,0,1,1,0,0,0,1,1,no,Desbalance a la izquierda,saturada
Estela_vlc,0,0,0,0,0,0,0,0,0,1,0,0,0,0,0,no,Desbalance a la izquierda,monosaturada
johannemagritte,0,0,0,0,0,0,0,1,1,1,0,0,0,0,0,no,Desbalance a la izquierda,monosaturada
VALKAM74,0,0,0,0,0,0,0,0,0,0,0,0,0,0,0,,,
marmotilla28,0,0,0,0,0,0,0,0,0,0,0,0,0,0,0,,,
AlmudenaTri,0,0,0,0,0,0,1,0,1,1,1,0,0,0,1,no,Desbalance a la izquierda,monosaturada
DTAocioyturismo,0,0,0,0,0,0,0,0,0,0,0,0,0,0,0,,,
valenciana_tv,0,1,0,0,0,0,1,1,0,1,1,0,0,0,0,no,Desbalance a la izquierda,monosaturada
vwildwild,0,0,0,0,0,0,1,0,0,1,0,0,0,0,1,no,Desbalance a la izquierda,monosaturada
InfoRinoceront,0,0,0,0,0,0,0,0,0,0,0,0,0,0,0,,,
FMSILLA,0,0,0,0,0,0,0,0,0,0,0,0,0,0,0,,,
niegarcia,0,1,0,0,0,0,1,0,0,0,0,0,0,0,0,no,Desbalance a la derecha,monosaturada
pauulaa04,0,0,0,0,0,0,0,0,0,0,0,0,0,0,0,,,
ZarKarls,0,0,0,0,0,0,0,0,0,1,0,0,1,1,1,no,Desbalance a la izquierda,monosaturada
ajeremias04,0,0,0,0,0,0,0,0,0,0,0,0,0,0,0,,,
XaviLlps,0,0,0,0,0,0,0,0,0,0,0,0,1,0,0,no,Desbalance a la izquierda,monosaturada
belenlop26,0,0,0,0,0,0,0,0,0,0,0,0,1,1,1,no,Desbalance a la izquierda,monosaturada
JJRAGA,1,0,1,0,0,0,1,1,1,1,1,0,1,0,0,no,Desbalance a la izquierda,saturada
SocComuVlc,0,0,0,0,0,0,0,0,0,0,0,1,1,1,1,no,Desbalance a la izquierda,monosaturada
findyou_,0,0,0,0,0,0,0,0,0,0,0,0,0,0,0,,,
dawnswyrtawerin,0,0,0,0,0,0,0,0,0,0,0,0,0,0,0,,,
MAsuncinEsteso,1,0,0,0,1,0,0,0,0,0,0,0,0,0,0,no,Desbalance a la derecha,monosaturada
andreuiranzo,0,0,0,0,0,0,0,0,0,1,1,0,0,0,1,no,Desbalance a la izquierda,monosaturada
NDValenciaAt,0,0,0,0,0,0,0,0,0,1,0,0,0,0,0,no,Desbalance a la izquierda,monosaturada
PatriLlopis,1,0,0,0,0,0,1,0,0,1,0,0,0,0,0,no,si,monosaturada
anablasco16,0,1,1,0,0,0,1,1,1,1,0,0,1,0,1,no,Desbalance a la izquierda,saturada
CivicWise_Bcn,0,0,0,0,0,0,0,0,0,0,0,0,0,0,0,,,
SoniaPC79,0,0,0,0,0,0,0,0,0,1,0,0,0,0,0,no,Desbalance a la izquierda,monosaturada
Isabelrf0,0,0,0,0,0,0,0,0,0,0,0,0,0,0,0,,,
Keratella1822,0,0,0,0,0,0,0,1,0,1,0,0,1,0,1,no,Desbalance a la izquierda,monosaturada
EmejotaAlonso,0,1,0,0,1,0,1,0,0,1,0,0,1,0,0,si,si,monosaturada
washichu,0,0,0,0,0,0,0,0,0,0,0,0,0,0,0,,,
dtab_,1,0,0,0,0,0,0,0,0,0,0,0,1,0,1,no,Desbalance a la izquierda,monosaturada
anvallso,0,0,0,0,0,0,0,0,0,0,0,0,0,0,0,,,
Comunidad_Vial,0,1,1,0,0,0,1,0,0,1,0,0,1,0,1,no,Desbalance a la izquierda,saturada
teresacebriansa,0,0,0,0,0,0,0,0,0,0,0,0,0,0,0,,,
JosepOchoa2,1,0,0,0,1,0,0,0,0,0,0,0,1,0,0,no,Desbalance a la derecha,monosaturada
slinaresn,0,0,0,0,0,0,0,0,0,0,0,0,0,0,0,,,
SenoraNaranja,0,0,0,0,0,0,0,0,0,0,0,0,0,0,0,,,
juliocercos,0,1,1,0,1,0,1,1,1,1,0,1,1,1,1,si,Desbalance a la izquierda,polisaturada
LaiaBernad,0,0,0,0,0,0,0,1,0,1,1,0,1,1,1,no,Desbalance a la izquierda,saturada
dinamo61,1,1,1,0,1,1,1,1,1,1,0,0,0,0,0,no,Desbalance a la derecha,saturada
petronayepez,0,1,1,0,0,0,1,1,1,1,0,0,1,1,1,no,Desbalance a la izquierda,saturada
valenciancount1,0,0,0,0,0,0,0,0,0,0,0,0,0,0,0,,,
socialremedios,0,0,0,0,0,0,0,0,0,0,0,0,0,0,0,,,
conexamos,0,0,0,0,0,0,0,0,0,0,0,0,0,0,0,,,
LovelyFardatxo,0,0,0,0,0,0,0,1,0,0,0,0,0,0,0,no,si,monosaturada
MeriXL,0,0,0,0,0,0,0,0,0,1,1,0,0,0,0,no,Desbalance a la izquierda,monosaturada
SomAlimentacio,0,0,0,0,0,0,0,0,0,0,0,0,0,0,0,,,
rajovesenderos,0,0,0,0,0,0,1,1,0,0,0,0,0,0,0,no,si,monosaturada
CrisMola1,0,0,0,0,0,0,0,0,0,1,0,0,0,0,1,no,Desbalance a la izquierda,monosaturada
BandaTorrefiel,0,0,0,0,0,0,0,0,0,0,0,0,0,0,0,,,
tendacampanya,0,1,1,0,0,0,1,1,0,1,1,0,1,0,1,no,Desbalance a la izquierda,saturada
thenaturalhand,0,0,0,0,0,0,0,0,0,1,0,0,0,0,0,no,Desbalance a la izquierda,monosaturada
jramonrosello,0,1,0,0,0,0,1,0,0,0,1,0,0,0,0,no,si,monosaturada
malbors,0,0,0,0,0,0,0,0,0,0,0,0,0,0,0,,,
sabadellpremsa,0,0,0,0,0,0,0,0,0,0,0,1,0,0,0,no,Desbalance a la izquierda,monosaturada
tusmamparas,0,0,0,0,0,0,0,0,0,0,0,0,0,0,0,,,
HugoRomanB,0,0,0,0,0,0,0,0,0,1,0,0,0,0,0,no,Desbalance a la izquierda,monosaturada
Aaronyacky,0,0,0,0,0,0,0,0,0,0,0,0,0,0,0,,,
lolarayito,0,0,0,0,0,0,0,0,0,0,0,0,0,0,0,,,
iPepperCooking,0,0,0,0,0,0,0,0,0,0,0,0,0,0,0,,,
Lomilator,0,0,0,0,0,0,1,0,0,0,0,0,0,0,0,no,si,monosaturada
gema_sb,0,0,0,0,0,0,1,0,0,0,1,1,1,0,1,no,Desbalance a la izquierda,monosaturada
ICAP_Formacion,1,0,1,0,1,0,1,0,0,0,0,0,0,0,0,no,Desbalance a la derecha,monosaturada
Elisabeth148,0,0,0,0,0,0,1,0,0,1,1,0,1,1,1,no,Desbalance a la izquierda,saturada
CongresoComCS,0,0,0,0,0,0,0,0,0,0,0,0,0,0,0,,,
LuisCorgan,0,0,1,0,0,0,0,0,0,0,0,0,0,0,1,no,si,monosaturada
JMFCarrizosa,0,0,0,0,0,0,0,0,0,0,0,0,1,0,0,no,Desbalance a la izquierda,monosaturada
pacosequedo,0,0,0,0,0,0,1,0,0,1,1,0,1,0,1,no,Desbalance a la izquierda,monosaturada
CMplastik,0,0,0,0,0,0,0,0,0,1,0,0,0,0,0,no,Desbalance a la izquierda,monosaturada
pimpineloca,0,1,0,0,0,0,1,1,1,1,1,1,1,0,1,no,Desbalance a la izquierda,saturada
Juanpitarchbr,0,0,0,0,0,0,0,0,0,0,0,0,0,0,0,,,
VSAdvocats,0,1,1,0,0,0,1,1,0,1,0,0,1,1,1,no,Desbalance a la izquierda,saturada
LaiaMuns,0,0,0,0,0,0,0,0,0,0,0,0,1,1,1,no,Desbalance a la izquierda,monosaturada
JM_Castillejo,0,1,1,0,0,0,1,0,1,1,0,0,0,0,0,no,Desbalance a la derecha,monosaturada
Traus_Sea,0,0,0,0,0,0,0,0,0,0,1,0,0,0,1,no,Desbalance a la izquierda,monosaturada
JorgeYeves,0,0,0,0,0,0,0,0,0,0,0,1,0,1,1,no,Desbalance a la izquierda,monosaturada
pablo_garpi,0,0,0,0,0,0,1,0,0,1,0,0,0,0,0,no,Desbalance a la izquierda,monosaturada
DataLife05,1,1,0,0,1,0,1,0,0,1,1,0,1,1,1,si,Desbalance a la izquierda,saturada
ContigoRuzafa,0,0,0,0,0,0,0,0,0,0,0,0,0,0,0,,,
carlosgallsan,0,0,0,0,0,0,0,0,0,0,0,0,1,1,1,no,Desbalance a la izquierda,monosaturada
joan_prim,0,0,0,0,0,0,0,0,0,0,0,0,0,0,0,,,
Chris_en_bici,0,0,0,0,0,0,0,0,0,1,0,0,0,0,0,no,Desbalance a la izquierda,monosaturada
PickUpValencia,0,1,0,0,0,0,0,1,0,1,0,0,0,0,0,no,si,monosaturada
natiuslife,0,0,0,0,0,0,0,0,0,0,0,0,0,0,0,,,
AlicanteMuseos,0,0,0,0,0,0,0,1,0,0,0,0,0,0,0,no,si,monosaturada
descriu,0,0,0,0,0,0,0,0,0,0,0,0,0,0,0,,,
FallaFelixPiz,0,0,0,0,0,0,0,0,0,0,0,0,0,0,0,,,
RafaelAtez,0,0,0,0,0,0,0,0,0,0,0,1,1,1,1,no,Desbalance a la izquierda,monosaturada
lauruiz_14,0,0,0,0,0,0,0,0,0,1,0,0,0,0,0,no,Desbalance a la izquierda,monosaturada
CeciliaVicoan,0,0,0,0,0,0,0,0,0,0,0,0,0,0,0,,,
PBahilo,0,1,0,0,0,0,1,1,1,1,1,0,0,0,1,no,Desbalance a la izquierda,saturada
raquelalabort,0,0,0,0,0,0,0,0,0,1,0,0,0,0,0,no,Desbalance a la izquierda,monosaturada
jor_G_contreras,0,0,0,0,0,0,0,0,0,0,1,0,0,0,1,no,Desbalance a la izquierda,monosaturada
siroquito,0,0,0,0,0,0,0,1,0,1,1,0,1,0,0,no,Desbalance a la izquierda,monosaturada
pereescortell,0,1,1,0,1,0,1,1,1,1,1,0,1,1,1,si,Desbalance a la izquierda,polisaturada
artedecercanias,0,0,0,0,0,0,0,0,0,0,0,0,0,0,0,,,
CiViNETSP,0,0,0,0,0,0,0,0,0,0,0,0,0,0,0,,,
joangandiaoltra,1,0,1,0,0,0,0,0,0,1,0,0,1,0,1,no,Desbalance a la izquierda,monosaturada
Jperelloalabau,1,1,1,0,1,1,1,1,1,1,0,0,1,1,1,si,Desbalance a la derecha,polisaturada
Luisviba,0,0,0,0,0,0,0,0,0,0,0,0,0,0,0,,,
AcmUpv,0,0,0,0,0,0,0,0,0,0,0,0,0,0,0,,,
RosaArnaez,0,0,0,0,0,0,0,0,0,0,0,0,0,0,0,,,
Exit_up,0,0,0,0,0,0,0,0,0,0,0,0,0,0,0,,,
efedesancho,0,0,1,0,0,0,1,1,0,1,1,0,0,0,0,no,Desbalance a la izquierda,monosaturada
AntmijAntonio,0,1,1,0,0,1,1,0,1,1,1,0,0,1,0,si,si,saturada
BegoOrozco,0,0,0,0,0,0,0,0,0,0,0,0,0,0,0,,,
paradamariaje,0,0,0,0,0,0,0,0,0,0,0,0,0,0,0,,,
JoseEspejo,0,0,0,0,0,0,0,0,0,1,0,0,1,0,1,no,Desbalance a la izquierda,monosaturada
marbella325,0,0,0,0,0,0,0,0,0,0,0,0,0,0,0,,,
Zedreartmural,0,0,0,0,0,0,1,0,0,1,0,0,1,0,1,no,Desbalance a la izquierda,monosaturada
fallabenicalap,0,0,0,0,0,0,0,0,0,0,0,0,0,0,0,,,
M27flo,0,0,0,0,0,0,0,0,1,0,0,0,0,0,0,no,si,monosaturada
2RCRISTINA,0,0,1,0,0,0,0,1,1,1,1,1,1,0,0,no,Desbalance a la izquierda,saturada
roberta_guido_,0,0,0,0,0,0,0,0,0,0,0,0,0,0,0,,,
agroecociudades,0,0,0,0,0,0,0,0,0,0,0,0,0,0,0,,,
yamequito,0,0,0,0,0,0,0,0,0,0,0,0,0,0,0,,,
candav90,0,0,0,0,0,0,0,0,0,0,1,0,0,0,0,no,Desbalance a la izquierda,monosaturada
Marina_Valiente,0,0,0,0,0,0,0,0,0,0,0,0,0,0,0,,,
Martaborcha,0,0,0,0,0,0,0,0,0,1,0,0,0,0,1,no,Desbalance a la izquierda,monosaturada
feceval_cece,0,1,1,0,1,0,1,1,1,1,0,0,0,0,1,si,Desbalance a la derecha,saturada
Carlangasc68,0,1,0,0,0,0,0,0,0,0,0,0,0,0,0,no,Desbalance a la derecha,monosaturada
beltza_ardi,0,0,0,0,0,0,1,0,0,1,1,0,1,0,0,no,Desbalance a la izquierda,monosaturada
JSL_PF,0,0,0,0,0,0,0,0,0,0,0,0,1,0,1,no,Desbalance a la izquierda,monosaturada
EreaAn,0,0,0,0,1,0,1,0,1,1,0,1,1,0,0,no,Desbalance a la izquierda,saturada
conxaperez,0,0,1,0,0,0,1,0,0,1,1,0,0,0,0,no,Desbalance a la izquierda,monosaturada
CarlosDonett,1,0,0,0,1,0,1,0,1,1,1,0,1,0,0,si,Desbalance a la izquierda,saturada
Soler_PCI,0,0,0,0,0,0,0,0,0,0,0,0,0,0,0,,,
somEmperador,0,1,0,0,0,0,1,1,0,1,0,0,1,0,1,no,Desbalance a la izquierda,saturada
marcgxch,0,0,1,0,0,0,0,0,0,0,0,0,0,0,0,no,Desbalance a la derecha,monosaturada
DepSocAnt_UV,0,1,1,0,1,0,1,1,0,1,0,0,1,0,1,si,si,saturada
lluismiquelsaez,0,0,0,0,0,0,0,0,0,0,0,0,0,0,0,,,
cobosche21,0,0,0,0,0,0,0,1,0,1,0,0,0,0,0,no,Desbalance a la izquierda,monosaturada
acostsu,0,0,0,0,0,0,0,0,0,0,0,0,0,0,0,,,
escosolidaries,0,0,0,0,0,0,0,0,0,0,0,0,0,1,1,no,Desbalance a la izquierda,monosaturada
dddiannna,0,0,0,0,0,0,0,0,0,0,0,0,0,0,0,,,
Javier__Rodrigo,0,0,0,0,0,0,1,1,0,1,1,0,1,0,1,no,Desbalance a la izquierda,saturada
Adehon_Empleo,1,1,0,0,1,0,1,1,0,1,0,0,1,1,1,si,Desbalance a la izquierda,saturada
HachEsther,0,0,0,0,0,0,0,1,0,0,0,0,0,0,0,no,si,monosaturada
UraiaCIT,0,0,0,0,0,0,0,0,0,0,0,0,0,0,0,,,
CreactiuVlc,0,0,0,0,0,0,0,0,0,0,0,0,0,0,0,,,
XRVJove,0,0,0,0,0,0,0,1,0,1,1,0,1,0,0,no,Desbalance a la izquierda,monosaturada
angelferrero,0,0,0,0,0,0,0,0,0,0,0,0,1,0,0,no,Desbalance a la izquierda,monosaturada
FallaMariola,0,0,0,0,0,0,0,0,0,0,0,0,0,0,0,,,
Randuske,0,0,0,0,0,0,0,0,0,0,0,0,1,0,1,no,Desbalance a la izquierda,monosaturada
FusiFuset,0,0,0,0,0,0,0,0,0,0,0,0,0,0,0,,,
mworldcataluna,0,1,1,0,1,0,1,1,0,1,0,0,1,0,1,si,si,saturada
wasp_j,0,0,0,0,0,0,1,1,0,1,1,0,0,0,0,no,Desbalance a la izquierda,monosaturada
Amparo_Quiles,0,0,0,0,0,0,0,0,0,0,0,0,0,0,0,,,
Megaretratado,0,0,0,0,0,0,0,0,0,0,0,0,0,0,0,,,
AmparoMmiro,0,0,0,0,0,0,0,0,0,1,1,0,1,0,1,no,Desbalance a la izquierda,monosaturada
qiqemartinez89,0,1,1,0,0,0,1,0,0,1,1,0,1,1,1,no,Desbalance a la izquierda,saturada
salvailletas,0,0,0,0,0,0,1,1,0,1,0,0,1,0,1,no,Desbalance a la izquierda,monosaturada
santgaral,0,0,0,0,0,0,1,1,0,1,0,0,0,0,0,no,Desbalance a la izquierda,monosaturada
silviabagnale,0,0,0,0,0,0,0,0,0,0,0,0,0,0,0,,,
MCCARLOS1981,0,1,0,0,0,0,0,1,0,0,0,0,0,0,0,no,Desbalance a la derecha,monosaturada
esther_tarin,0,0,0,0,0,0,0,0,0,0,1,0,1,0,0,no,Desbalance a la izquierda,monosaturada
chicomanoperro,0,0,0,0,0,0,0,0,0,0,0,0,0,0,0,,,
DP_Distriplac,0,0,0,0,1,0,0,1,0,0,0,0,0,0,0,no,Desbalance a la derecha,monosaturada
sotoigual,0,0,0,0,0,0,0,0,0,0,0,0,0,0,0,,,
amestieducacio,0,0,0,0,0,0,0,0,0,1,1,0,0,0,0,no,Desbalance a la izquierda,monosaturada
FTA_CV,0,0,0,0,0,0,0,0,0,0,0,0,0,0,0,,,
ArantxaJansen,0,0,0,0,0,0,0,0,0,0,1,0,1,0,1,no,Desbalance a la izquierda,monosaturada
araceliisaac,0,0,0,0,1,0,0,0,0,1,0,0,1,0,1,no,Desbalance a la izquierda,monosaturada
ALBIOL_Antonio,0,0,0,0,0,0,0,0,0,1,0,0,0,0,0,no,Desbalance a la izquierda,monosaturada
joanaxvlc,0,0,0,0,0,0,0,0,0,1,1,0,1,0,1,no,Desbalance a la izquierda,monosaturada
GregoMagno,0,0,0,0,1,0,0,0,0,0,0,0,0,0,0,no,Desbalance a la derecha,monosaturada
mibauso,0,0,0,0,0,0,0,0,0,0,0,0,0,0,0,,,
ihevia20,0,0,0,0,0,0,0,0,0,1,0,0,0,0,0,no,Desbalance a la izquierda,monosaturada
borjaespinosa8,0,0,1,0,0,0,1,1,1,1,1,1,1,1,1,no,Desbalance a la izquierda,polisaturada
ManoloMarti,1,0,1,0,0,0,1,0,1,1,1,1,1,1,1,no,Desbalance a la izquierda,polisaturada
Sussie_77,0,1,0,0,0,0,0,1,0,0,0,0,0,0,0,no,Desbalance a la derecha,monosaturada
Ascen_SalIb,0,0,0,0,0,0,1,0,0,1,0,0,1,1,1,no,Desbalance a la izquierda,monosaturada
infofallasvlc,0,0,0,0,0,0,0,0,0,0,0,0,0,0,0,,,
abbe_global,0,0,0,0,0,0,1,1,0,1,0,0,0,0,0,no,Desbalance a la izquierda,monosaturada
RichRichy9,0,0,0,0,0,0,0,0,0,0,1,0,1,0,0,no,Desbalance a la izquierda,monosaturada
fentcamivlc,0,0,0,0,0,0,0,0,0,0,0,0,0,0,0,,,
CCarlesSalvador,0,0,0,0,0,0,0,0,0,0,0,0,0,0,0,,,
jaimeiserte,0,0,0,0,0,0,0,0,0,1,0,0,0,0,0,no,Desbalance a la izquierda,monosaturada
pablo93sanmar,0,0,0,0,0,0,0,0,0,0,0,0,0,0,0,,,
topoNacho,0,0,0,0,0,0,0,0,0,0,0,0,0,0,0,,,
JovenesICOMV,0,0,0,0,0,0,0,0,0,0,0,0,0,0,0,,,
alfonsoblanco14,0,0,0,0,0,0,1,0,0,1,0,0,1,1,0,no,Desbalance a la izquierda,monosaturada
CARLOSPIQUER1,0,0,0,0,0,0,1,0,1,0,0,0,0,0,0,no,si,monosaturada
kapocorp,0,0,0,0,0,0,0,0,0,0,0,0,0,0,0,,,
Paula98perez,0,0,0,0,0,0,0,0,0,0,0,0,0,0,0,,,
damarticast,0,0,0,0,0,0,0,0,0,0,0,0,0,0,0,,,
MIGUELMORENTIN,0,1,0,0,0,0,1,0,0,1,0,0,0,0,0,no,si,monosaturada
andrea_grb,0,0,0,0,0,0,0,0,0,0,0,0,0,0,0,,,
Nachogtrejo,1,0,0,0,0,0,1,0,1,1,0,0,0,0,0,no,si,monosaturada
alvaroblasco,0,0,0,0,0,0,1,0,0,1,0,0,0,0,0,no,Desbalance a la izquierda,monosaturada
QuiqueBisbal,0,0,0,0,0,0,0,0,0,0,0,0,0,0,0,,,
Lochlainn_folk,0,0,0,0,0,0,0,0,0,0,0,0,0,0,0,,,
rafa_mtnez,0,0,0,0,0,0,0,0,0,1,0,0,0,0,0,no,Desbalance a la izquierda,monosaturada
XEMASOLER,0,1,0,0,0,0,0,0,0,0,0,0,0,0,0,no,Desbalance a la derecha,monosaturada
miguel_ra17,0,0,0,0,0,0,0,0,0,0,0,0,0,0,0,,,
romheres,0,0,0,0,0,0,0,0,0,0,0,0,0,0,0,,,
LauraSMental,0,1,0,0,0,0,1,0,0,1,0,0,0,0,0,no,si,monosaturada
and4or,0,0,0,0,0,0,0,0,0,0,0,0,0,0,1,no,Desbalance a la izquierda,monosaturada
jrt1198,0,0,0,0,0,0,0,0,0,0,0,0,0,0,0,,,
Loreena_Cm,0,0,0,0,0,0,0,0,0,0,0,0,0,0,0,,,
VictoriaCasan,0,0,0,0,0,0,1,0,0,1,0,0,0,0,1,no,Desbalance a la izquierda,monosaturada
suspaval,0,0,0,0,0,0,0,0,0,0,0,0,0,0,0,,,
Daniello1986,1,0,1,0,1,0,1,1,1,0,0,0,0,0,0,no,Desbalance a la derecha,saturada
despegaformacio,0,0,1,0,0,0,1,0,0,0,0,0,0,0,0,no,Desbalance a la derecha,monosaturada
mariajesusaros,0,1,0,0,1,0,1,0,1,1,0,0,0,0,1,si,si,saturada
CTBGSomVal,0,0,0,0,0,0,0,0,0,0,0,0,0,0,0,,,
montalvaopticos,0,0,0,0,0,0,0,0,0,0,0,0,0,0,0,,,
GrupClapir,0,0,0,0,0,0,0,0,0,0,0,0,0,0,0,,,
MelenassMele,0,0,0,0,0,0,0,0,0,0,0,0,0,0,0,,,
Badimonl,0,0,0,0,0,0,0,0,0,0,0,0,0,1,1,no,Desbalance a la izquierda,monosaturada
Vikisland,0,1,0,0,0,0,1,1,0,1,0,0,0,0,0,no,si,monosaturada
PoliTarongers,0,0,0,0,0,0,0,0,0,0,0,0,0,0,0,,,
CSIFAGECV,0,0,1,0,1,0,1,0,0,1,0,0,1,0,1,si,Desbalance a la izquierda,saturada
CSIFPICASSENT,0,1,0,0,0,0,1,1,0,1,0,0,1,0,1,no,Desbalance a la izquierda,saturada
Sa79Lo,0,0,0,0,0,0,0,0,0,0,0,0,0,0,0,,,
orriolsbarrio,0,0,0,0,0,0,1,0,0,1,0,0,0,0,0,no,Desbalance a la izquierda,monosaturada
attsocial_ICOMV,0,0,0,0,0,0,0,0,0,0,0,0,0,0,0,,,
VTriatlon,0,0,0,0,0,0,0,0,0,0,0,0,0,0,0,,,
MiguelPortoles,0,0,0,0,0,0,0,0,0,0,1,0,0,0,0,no,Desbalance a la izquierda,monosaturada
md0l0r3s85,0,1,0,0,0,0,0,0,0,1,0,0,0,0,0,no,si,monosaturada
saretacosta,0,0,0,0,0,0,0,1,0,0,0,0,0,0,0,no,si,monosaturada
MoRichart,0,0,0,0,0,0,0,0,0,0,0,0,0,0,0,,,
TarascaTurisme,0,0,0,0,0,0,0,0,0,0,0,0,0,0,0,,,
BlackstormSP,1,0,0,0,1,0,1,1,0,1,0,0,0,0,0,no,Desbalance a la derecha,monosaturada
RosMari2667,0,0,0,0,0,0,0,0,0,0,0,0,1,0,0,no,Desbalance a la izquierda,monosaturada
Yosanzqui,1,1,0,0,0,0,1,1,0,1,0,0,0,0,1,no,si,saturada
EducadorMenores,0,0,0,0,0,0,0,0,0,0,0,0,0,0,0,,,
gsamanecer,0,0,0,0,0,0,0,0,0,0,0,0,0,0,0,,,
cokegh,0,0,0,0,0,0,0,0,0,0,0,0,0,0,1,no,Desbalance a la izquierda,monosaturada
AliciaAvilesMa2,0,1,0,0,0,0,1,0,0,1,0,0,0,0,1,no,Desbalance a la izquierda,monosaturada
ampaclaver,0,0,0,0,0,0,1,1,0,1,0,0,0,0,0,no,Desbalance a la izquierda,monosaturada
mcampaners,0,0,0,0,0,0,0,0,0,0,0,0,0,0,0,,,
WatefNetwork,0,0,0,0,0,0,0,0,0,0,0,0,0,0,0,,,
ivanligardo,0,0,0,0,0,0,0,0,0,0,0,0,0,0,0,,,
AyuntamientoCar,0,1,0,0,0,0,1,0,0,1,0,0,0,0,0,no,si,monosaturada
lancora_rest,0,0,0,0,0,0,0,1,0,0,0,0,0,0,1,no,Desbalance a la izquierda,monosaturada
Panaria,1,1,1,0,1,0,1,1,1,1,0,0,1,0,1,si,Desbalance a la derecha,polisaturada
JLafuenteS,0,0,1,0,0,0,0,1,1,1,0,0,1,0,1,no,Desbalance a la izquierda,saturada
twrome,0,0,1,0,1,0,1,0,1,1,0,0,1,1,0,si,Desbalance a la izquierda,saturada
NURIANIN,0,0,0,0,0,0,1,0,0,1,0,0,0,0,0,no,Desbalance a la izquierda,monosaturada
ospainbenidorm,1,1,1,0,0,0,0,0,0,1,0,0,0,0,1,no,Desbalance a la derecha,monosaturada
davidtaroncher,0,0,1,0,1,0,0,0,0,0,0,0,0,0,0,no,Desbalance a la derecha,monosaturada
mariatortajada,0,0,0,0,0,0,1,0,0,1,1,0,1,1,1,no,Desbalance a la izquierda,saturada
VlcAmaya,0,0,0,0,0,0,0,0,0,1,0,0,0,0,0,no,Desbalance a la izquierda,monosaturada
elsavilalta,0,0,0,0,0,0,0,0,0,0,0,0,0,0,0,,,
PaolaCannata,0,1,1,0,1,0,1,1,1,1,1,0,1,1,1,si,Desbalance a la izquierda,polisaturada
NatucerOnda,0,1,1,0,0,0,1,0,0,1,0,0,1,1,1,no,Desbalance a la izquierda,saturada
mariapascualEFL,0,0,0,0,0,0,0,0,0,0,0,0,0,0,0,,,
AtlanticoCocina,0,1,1,0,0,0,1,1,0,1,0,0,1,1,1,no,Desbalance a la izquierda,saturada
Magisla,0,0,0,0,0,0,0,0,0,0,0,0,0,0,0,,,
Guillermoabar,0,0,0,0,0,0,0,0,0,0,0,0,0,0,0,,,
generaldrones,0,0,0,0,0,0,0,0,0,0,0,0,0,0,1,no,Desbalance a la izquierda,monosaturada
BuenasMigasSER,0,0,0,0,0,0,0,0,0,0,0,0,0,0,0,,,
rc14vcf,0,0,0,0,0,0,0,0,0,1,0,0,0,0,0,no,Desbalance a la izquierda,monosaturada
PdecubasDe,0,1,1,0,0,0,1,0,0,1,1,0,0,0,0,no,si,monosaturada
HmoModernus,0,0,0,0,0,0,0,0,0,0,0,0,0,0,1,no,Desbalance a la izquierda,monosaturada
Lauraaroch,0,0,0,0,0,0,0,0,0,1,0,1,1,1,1,no,Desbalance a la izquierda,monosaturada
Sergio_Lopez93,0,0,0,0,0,0,0,0,0,0,0,0,0,0,0,,,
Demian_337,0,0,0,0,0,0,0,0,0,0,0,0,0,0,0,,,
Esadel91,0,0,0,0,1,0,1,0,0,1,0,0,0,0,0,no,si,monosaturada
margaalcala,0,0,0,0,0,0,0,0,0,1,0,0,0,1,1,no,Desbalance a la izquierda,monosaturada
sasisoy_world,0,0,0,0,0,0,0,0,0,0,0,0,0,0,1,no,Desbalance a la izquierda,monosaturada
ubitricity,0,0,0,0,0,0,0,0,0,0,0,0,0,0,0,,,
PepiuExperience,0,1,1,0,1,0,1,1,0,1,0,0,1,0,0,si,Desbalance a la derecha,saturada
pilugargon,0,0,0,0,0,0,1,0,0,1,0,0,0,0,0,no,Desbalance a la izquierda,monosaturada
AlfredZT,0,0,0,0,0,0,1,0,0,1,1,0,1,0,1,no,Desbalance a la izquierda,monosaturada
damuria,0,0,0,0,0,0,0,0,0,0,0,0,0,0,0,,,
MkGrimaldos,0,0,0,0,0,0,0,0,0,0,0,0,0,0,0,,,
sendreta21,1,0,0,0,0,0,1,0,0,1,1,0,1,1,1,no,Desbalance a la izquierda,saturada
graphicandreas,0,0,0,0,0,0,0,1,0,1,0,0,0,0,0,no,Desbalance a la izquierda,monosaturada
brandalize,0,0,0,0,0,0,1,1,0,1,0,0,0,0,0,no,Desbalance a la izquierda,monosaturada
javimozasvlc,0,0,0,0,0,0,0,0,0,0,0,0,0,0,0,,,
OSUMARSA,0,0,0,0,0,0,0,0,0,0,0,0,0,0,0,,,
Vdevicente,0,0,0,0,0,0,0,0,0,0,0,0,0,0,0,,,
josemalvs,0,0,0,0,0,0,1,1,0,1,0,0,0,0,0,no,Desbalance a la izquierda,monosaturada
ProyectosPA,0,0,0,0,0,0,0,0,0,0,0,0,0,0,0,,,
javi_linbel,0,0,0,0,0,0,0,0,0,0,0,0,0,0,0,,,
CosyRoomsVLC,0,0,0,0,0,0,1,1,0,1,0,0,1,0,0,no,Desbalance a la izquierda,monosaturada
DavidTamarit,0,0,0,0,0,0,1,0,0,0,0,0,0,0,0,no,si,monosaturada
lau_herrelop,1,0,0,0,1,0,1,1,1,1,0,0,0,1,1,si,Desbalance a la izquierda,saturada
fcopecre,0,0,1,0,1,0,1,0,0,1,0,0,0,0,0,no,Desbalance a la derecha,monosaturada
izquierda_libre,0,1,1,0,0,0,1,1,0,1,1,1,1,1,1,no,Desbalance a la izquierda,polisaturada
niueret,0,0,0,0,0,0,0,0,0,0,0,0,0,0,0,,,
jepincu,0,0,0,0,0,0,0,0,0,1,0,0,0,1,0,no,Desbalance a la izquierda,monosaturada
nataliablnc,0,0,0,0,0,0,0,1,0,1,0,0,0,0,0,no,Desbalance a la izquierda,monosaturada
Rafa2punto0,0,0,0,0,0,0,1,1,0,1,0,0,1,0,1,no,Desbalance a la izquierda,monosaturada
patricialapardo,0,0,0,0,0,0,0,0,0,0,0,0,0,0,0,,,
pep_pelaez,0,0,0,0,0,0,0,0,0,0,0,0,0,0,0,,,
KomandoHoquet,0,0,0,0,0,0,0,0,0,0,0,0,0,0,0,,,
JohnNiclos,1,1,1,0,1,0,1,1,1,1,0,1,1,1,1,si,Desbalance a la izquierda,polisaturada
AjBeniganim,1,0,0,0,1,0,1,0,0,1,0,0,0,0,0,no,Desbalance a la derecha,monosaturada
verumasesores,1,1,1,0,1,0,1,1,1,1,1,0,1,0,1,si,si,polisaturada
welibobs,0,0,0,0,0,0,0,0,0,0,0,0,0,0,0,,,
redinnpulso,1,0,0,0,1,0,0,0,0,0,0,0,0,0,0,no,Desbalance a la derecha,monosaturada
jaumepl,0,0,0,0,0,0,0,0,0,0,0,0,0,0,0,,,
cofradiaseda,0,0,0,0,0,0,0,0,0,0,0,0,0,0,0,,,
JorgeQJ,0,0,0,0,0,0,1,0,0,0,0,0,0,0,1,no,Desbalance a la izquierda,monosaturada
AcoecOngd,0,0,1,0,0,0,0,0,0,0,0,0,1,0,1,no,Desbalance a la izquierda,monosaturada
j_vcia,1,0,0,0,1,0,0,0,0,1,0,0,0,0,0,no,Desbalance a la derecha,monosaturada
tetitons,1,0,0,0,0,0,0,1,0,1,0,0,1,1,1,no,Desbalance a la izquierda,saturada
borjaibco,0,0,0,0,0,0,0,0,0,0,0,0,1,0,0,no,Desbalance a la izquierda,monosaturada
soukamorta,0,1,0,0,0,0,0,0,1,1,0,0,0,0,0,no,si,monosaturada
happymisplaced,0,0,0,0,0,0,0,0,0,0,0,0,0,0,0,,,
eltirant1,0,0,0,0,0,0,0,0,0,0,0,0,0,0,0,,,
MK90GamerYT,0,0,0,0,0,0,0,0,0,1,0,0,0,0,0,no,Desbalance a la izquierda,monosaturada
LTudelaMarco,0,0,0,0,0,0,0,0,0,0,0,0,0,0,0,,,
llibreriabernat,0,0,0,0,0,0,0,0,0,0,0,0,0,0,0,,,
Jacksonnfelt,0,0,0,0,0,0,0,0,0,0,0,0,0,0,0,,,
WolfGod99,0,0,0,0,0,0,0,0,0,0,0,0,0,0,0,,,
cllamabear,0,0,0,0,0,0,0,0,0,0,0,0,0,0,0,,,
Paquitaa96,0,0,0,0,1,0,0,0,0,0,0,0,0,0,0,no,Desbalance a la derecha,monosaturada
Nalua02,0,0,0,0,0,0,0,1,0,1,1,0,1,0,0,no,Desbalance a la izquierda,monosaturada
OttoWheels,0,0,0,0,0,0,0,0,0,0,0,0,0,0,0,,,
MAmparoArjona,0,0,0,0,0,0,0,0,0,0,0,0,0,0,0,,,
ruth_9999,0,0,1,0,0,0,1,1,0,1,0,0,1,1,1,no,Desbalance a la izquierda,saturada
l_bernat,0,0,0,0,0,0,0,1,0,1,0,0,0,0,0,no,Desbalance a la izquierda,monosaturada
evatmc,0,1,0,0,0,0,1,1,0,1,1,0,0,0,0,no,Desbalance a la izquierda,monosaturada
PatoUrrego,0,0,0,0,0,0,0,0,0,0,0,0,0,0,0,,,
ian19vlc,0,0,0,0,0,0,0,0,0,0,0,0,0,0,0,,,
jcinsa,1,1,1,0,1,0,1,0,1,1,1,1,1,0,1,si,Desbalance a la izquierda,polisaturada
pequenyasdudas,0,0,0,0,0,0,0,0,0,1,1,0,1,0,0,no,Desbalance a la izquierda,monosaturada
ChoniDM,0,0,0,0,0,0,1,0,0,1,0,0,0,0,0,no,Desbalance a la izquierda,monosaturada
COAGCV,0,1,0,0,0,0,0,0,0,1,0,0,0,0,0,no,si,monosaturada
xiringas,0,0,0,0,0,0,0,1,0,1,0,0,0,0,1,no,Desbalance a la izquierda,monosaturada
LGTB_UGTPV,0,0,0,0,0,0,0,0,0,0,0,0,0,0,0,,,
MASSII_ms,0,0,0,0,0,0,0,0,0,0,0,0,0,0,0,,,
autoesmeliana,0,0,0,0,0,0,0,0,0,0,0,0,0,0,0,,,
javiermartinap,1,1,1,0,1,1,1,1,1,1,1,0,0,0,1,si,Desbalance a la derecha,polisaturada
Desadesilla,0,0,0,0,0,0,0,0,0,1,0,0,1,0,0,no,Desbalance a la izquierda,monosaturada
baylandscape,0,0,0,0,0,0,0,0,0,0,0,0,0,0,0,,,
Jaime72370309,0,0,0,0,0,0,0,0,0,0,0,0,1,1,1,no,Desbalance a la izquierda,monosaturada
jcnaranjo,0,0,1,0,1,0,0,1,0,1,0,0,0,0,0,no,Desbalance a la derecha,monosaturada
correoviejo,1,0,0,0,0,0,0,0,0,1,0,0,0,0,0,no,si,monosaturada
Altaviana,0,0,0,0,0,0,0,0,0,0,0,0,0,0,0,,,
VMaso,0,0,0,0,0,0,0,0,0,1,1,0,1,1,1,no,Desbalance a la izquierda,monosaturada
elena_conejos,1,1,0,0,0,0,1,1,0,1,0,0,0,0,0,no,Desbalance a la derecha,monosaturada
pepcalde47,1,1,1,0,1,0,1,1,0,1,1,1,1,1,1,si,Desbalance a la izquierda,polisaturada
javichuLondon,0,0,0,0,0,0,0,0,1,1,0,0,0,0,0,no,Desbalance a la izquierda,monosaturada
Princesa_Jedi,0,0,0,0,0,0,0,0,0,0,0,0,1,1,0,no,Desbalance a la izquierda,monosaturada
daniferragud,0,1,0,0,1,0,1,1,1,1,1,0,0,1,1,si,Desbalance a la izquierda,saturada
HernandezAsun,1,1,1,0,1,0,1,1,0,1,1,1,1,0,0,si,si,polisaturada
FontHugo,0,0,0,0,0,0,0,0,0,0,1,0,0,0,0,no,Desbalance a la izquierda,monosaturada
mimi_rmd,0,0,0,0,0,0,1,0,0,0,0,0,0,0,0,no,si,monosaturada
sab_jove,0,0,0,0,0,0,0,1,0,0,0,0,0,0,0,no,si,monosaturada
JoseCunat,0,0,0,0,0,0,0,0,0,0,0,0,0,0,0,,,
josep_gil,0,0,0,0,0,0,0,0,0,1,0,0,1,0,1,no,Desbalance a la izquierda,monosaturada
ccooford,0,0,0,0,0,0,0,0,0,0,1,0,0,0,0,no,Desbalance a la izquierda,monosaturada
darcy_xperience,0,1,1,0,0,0,1,0,1,1,0,0,0,0,0,no,Desbalance a la derecha,monosaturada
anaparramu,0,1,1,0,0,0,1,0,1,1,1,0,1,1,1,no,Desbalance a la izquierda,saturada
rsmproducciones,0,0,0,0,0,0,0,1,0,0,0,0,0,0,1,no,Desbalance a la izquierda,monosaturada
vicentgimenez,0,0,0,0,0,0,0,0,0,0,0,0,0,0,0,,,
AdrianRomeu,0,0,0,0,0,0,1,0,0,0,0,0,0,0,0,no,si,monosaturada
gimeno_papa,0,0,0,0,1,0,1,1,1,1,0,0,1,0,1,no,Desbalance a la izquierda,saturada
EugenioSolbes,0,0,0,0,0,0,0,0,0,0,0,0,0,0,0,,,
g_javendrell,0,1,1,0,0,0,1,0,1,1,1,0,0,0,0,no,si,saturada
dani_arve,0,0,0,0,0,0,0,1,0,1,0,0,0,0,0,no,Desbalance a la izquierda,monosaturada
srta_rocknroll_,0,0,0,0,0,0,0,0,0,0,1,0,0,0,1,no,Desbalance a la izquierda,monosaturada
rodrigoboe,0,0,0,0,0,0,0,0,0,0,0,0,0,0,0,,,
PerritaValiente,0,0,0,0,0,0,0,0,0,1,0,0,0,0,0,no,Desbalance a la izquierda,monosaturada
mariaspaellas,0,0,0,0,0,0,0,0,0,0,0,0,0,0,0,,,
MoBikeValencia,0,0,0,0,0,0,0,0,0,0,0,0,0,0,0,,,
wasteinprogress,0,0,0,0,0,0,0,0,0,0,0,0,0,0,0,,,
carlos_tuset,0,1,1,0,0,0,0,0,1,0,0,0,0,0,0,no,Desbalance a la derecha,monosaturada
LaXafiga,0,0,0,0,0,0,0,0,0,0,0,0,0,0,1,no,Desbalance a la izquierda,monosaturada
sedartVLC,0,0,0,0,0,0,0,0,0,0,0,0,0,0,0,,,
genofesi,0,0,1,0,0,0,1,1,0,1,1,0,1,0,1,no,Desbalance a la izquierda,saturada
DSsostenible,0,0,0,0,0,0,0,1,0,0,0,0,0,0,0,no,si,monosaturada
elyonazus,0,0,0,0,0,0,0,0,0,0,0,0,0,0,0,,,
Agelspi,0,0,0,0,0,0,0,0,0,1,0,0,0,0,0,no,Desbalance a la izquierda,monosaturada
icastanyon,0,1,0,0,0,0,1,1,0,1,1,0,1,0,1,no,Desbalance a la izquierda,saturada
ftanciscoagued1,0,0,0,0,0,0,0,0,0,0,0,0,0,0,0,,,
Germania_bea,0,1,0,0,0,0,1,0,0,1,0,0,1,0,0,no,Desbalance a la izquierda,monosaturada
CerrajerosPL,0,1,0,0,0,0,1,1,0,1,0,0,1,0,0,no,Desbalance a la izquierda,monosaturada
josep_moline,0,0,0,0,0,0,1,1,0,0,0,0,1,1,1,no,Desbalance a la izquierda,monosaturada
jamess_vlc,0,1,1,0,0,0,1,1,0,1,0,0,0,0,0,no,Desbalance a la derecha,monosaturada
WillAlbors,0,0,0,0,0,0,0,0,0,0,0,0,0,0,0,,,
FallaRahal,0,0,0,0,0,0,0,0,0,0,0,0,0,0,0,,,
terepalop,0,0,0,0,0,0,1,1,0,1,0,0,1,0,0,no,Desbalance a la izquierda,monosaturada
leoperezgarcia,0,0,0,0,0,0,0,0,0,0,0,0,0,0,0,,,
sant_bult,0,0,0,0,0,0,0,1,0,0,0,0,0,0,0,no,si,monosaturada
latorre_manuel,0,0,0,0,0,0,0,0,0,1,0,0,0,0,0,no,Desbalance a la izquierda,monosaturada
Cofrentes,0,0,0,0,0,0,0,0,0,0,0,0,0,0,0,,,
josemariacanary,0,0,0,0,0,0,1,0,0,1,0,0,0,0,0,no,Desbalance a la izquierda,monosaturada
InterFallasVlc,0,0,0,0,0,0,0,0,0,0,0,0,0,0,0,,,
ArnalVlc,0,1,0,0,1,1,1,1,1,1,1,0,1,1,0,si,Desbalance a la izquierda,polisaturada
JoseAntonioAn,0,0,0,0,0,0,1,0,0,0,0,0,0,0,0,no,si,monosaturada
GemmaPiera,0,0,0,0,0,0,0,0,0,0,1,0,1,1,1,no,Desbalance a la izquierda,monosaturada
AngelFolgado,1,1,1,0,0,0,1,1,0,1,0,0,0,0,1,no,Desbalance a la derecha,saturada
xavet89,0,0,0,0,0,0,0,0,0,0,0,0,0,0,0,,,
CamiOliveira78,0,0,0,0,0,0,0,0,0,0,0,0,0,0,0,,,
LaColmenaLN,0,0,0,0,0,0,0,0,0,0,0,0,0,0,0,,,
jaguai28,0,0,1,0,1,0,0,0,0,1,0,0,1,1,1,no,Desbalance a la izquierda,saturada
Thor_Miquel,0,1,0,0,0,0,1,0,0,1,0,0,0,0,0,no,si,monosaturada
pmtenista,0,0,0,0,0,0,0,0,0,0,0,0,0,0,0,,,
Interlandschool,0,0,0,0,0,0,0,0,0,0,0,0,0,0,0,,,
Miriam_FQ,0,0,0,0,0,0,0,0,0,1,1,0,0,0,0,no,Desbalance a la izquierda,monosaturada
joselemellow,0,0,1,0,0,0,1,0,0,1,0,0,1,1,1,no,Desbalance a la izquierda,saturada
salfepa,0,0,0,0,0,0,0,0,0,1,0,0,1,0,1,no,Desbalance a la izquierda,monosaturada
nacaral3,0,0,0,0,0,0,0,1,0,0,0,0,0,0,1,no,Desbalance a la izquierda,monosaturada
BausetVictor,0,0,0,0,0,0,0,0,0,0,0,0,0,0,0,,,
mbonillo1,1,1,1,0,1,0,1,1,1,1,1,0,1,1,1,si,Desbalance a la izquierda,polisaturada
puigcerver_xalo,0,0,0,0,0,0,0,0,0,0,0,0,0,0,0,,,
vanalfga,1,0,1,0,1,0,1,0,0,1,0,0,1,0,1,si,si,saturada
merxelluna,0,0,1,0,0,0,1,1,0,1,1,0,1,0,0,no,Desbalance a la izquierda,saturada
perezperezmarta,0,0,1,0,0,0,0,1,0,1,1,1,1,0,1,no,Desbalance a la izquierda,saturada
mariangarrigues,0,0,0,0,0,0,1,1,0,0,0,0,0,0,0,no,si,monosaturada
CRullVi,0,0,0,0,0,0,0,0,0,1,1,0,1,0,0,no,Desbalance a la izquierda,monosaturada
Elenaavivar,0,1,1,0,0,0,1,0,0,1,1,0,0,0,0,no,si,monosaturada
rtessa4,1,0,0,0,0,0,0,0,0,1,1,0,0,0,0,no,Desbalance a la izquierda,monosaturada
ImprentaLlorens,0,0,0,0,0,0,0,0,0,0,0,0,0,0,0,,,
Marisa_Jimeno,0,0,0,0,0,0,0,0,0,0,0,0,0,0,0,,,
ahdesa,0,0,1,0,0,0,1,0,1,1,1,0,1,0,1,no,Desbalance a la izquierda,saturada
annieronda,0,0,0,0,0,0,0,0,0,0,0,0,0,0,0,,,
pedro_tomas,1,0,1,0,1,0,0,0,1,1,1,0,0,0,1,si,si,saturada
rmtaberner,0,0,0,0,0,0,0,0,0,0,0,0,0,0,0,,,
clararipo,0,0,0,0,0,0,1,1,0,1,0,0,1,1,0,no,Desbalance a la izquierda,monosaturada
Neabel6,0,0,0,0,0,0,0,1,0,1,1,0,1,0,0,no,Desbalance a la izquierda,monosaturada
esthermfol,0,0,0,0,0,0,0,0,0,0,0,0,0,0,0,,,
Sergio_marti,0,0,0,0,0,0,0,0,0,0,0,0,0,0,0,,,
coquegonzalez,0,0,0,0,0,0,0,0,0,0,0,0,0,0,0,,,
unialtra,0,0,0,0,0,0,0,0,0,0,0,0,0,0,0,,,
Sara__Pico,0,0,1,0,0,0,0,0,0,0,0,0,0,0,0,no,Desbalance a la derecha,monosaturada
rosamyague,1,0,0,0,0,0,1,1,0,1,0,0,1,0,0,no,Desbalance a la izquierda,monosaturada
hperello,0,0,1,0,0,0,1,0,0,1,1,0,1,0,1,no,Desbalance a la izquierda,saturada
jvst49,0,0,0,0,0,0,1,1,0,1,0,0,1,0,1,no,Desbalance a la izquierda,monosaturada
Estrellatugar,0,0,0,0,0,0,0,0,0,1,0,0,1,0,0,no,Desbalance a la izquierda,monosaturada
robguti,0,0,0,0,0,0,0,0,0,0,0,0,0,0,0,,,
InmaFenicia,0,0,0,0,0,0,1,0,0,0,0,0,1,1,1,no,Desbalance a la izquierda,monosaturada
EmilioRoca65,0,0,0,0,0,0,1,0,0,0,0,0,0,0,0,no,si,monosaturada
amperexenergy,1,1,0,0,1,0,1,1,0,1,0,0,0,0,0,no,Desbalance a la derecha,saturada
Nostromo63,0,0,0,0,0,0,0,0,0,0,0,0,0,0,0,,,
MarMalota,0,0,0,0,0,0,0,0,0,0,0,0,0,0,0,,,
ancacos,0,0,0,0,0,0,0,0,0,0,0,0,0,0,0,,,
jvedat,0,0,0,0,0,0,0,0,0,1,0,0,1,1,1,no,Desbalance a la izquierda,monosaturada
sociorojo,0,1,0,0,0,0,1,0,0,1,1,0,1,0,1,no,Desbalance a la izquierda,saturada
DoraMatute,1,0,0,0,1,0,0,0,0,0,1,0,0,0,0,no,Desbalance a la derecha,monosaturada
agroecocities,0,0,0,0,0,0,0,0,0,0,0,0,0,0,0,,,
wearepixelarte,0,0,0,0,0,0,0,0,0,0,0,0,1,0,1,no,Desbalance a la izquierda,monosaturada
ovigualda,0,1,1,0,1,0,1,1,0,1,0,0,1,1,1,si,Desbalance a la izquierda,saturada
gradogestion,0,0,0,0,0,0,0,0,0,0,0,0,0,0,0,,,
heavyologo,0,0,0,0,0,0,0,0,0,0,0,0,0,0,0,,,
RaquelAres,0,0,0,0,0,0,1,1,0,0,0,0,0,0,0,no,si,monosaturada
pepepalanca,0,0,0,0,0,0,0,0,0,0,0,0,1,0,0,no,Desbalance a la izquierda,monosaturada
JaumeBayarri,0,0,1,0,0,0,0,1,0,1,1,0,1,1,1,no,Desbalance a la izquierda,saturada
PeLaoO2,0,0,1,0,0,0,0,0,0,0,0,0,1,1,1,no,Desbalance a la izquierda,monosaturada
josevteb,0,0,0,0,0,0,0,0,0,0,0,0,0,0,0,,,
jjruizcubillan,0,0,0,0,0,0,1,0,0,1,0,0,0,0,0,no,Desbalance a la izquierda,monosaturada
amparidaura,0,0,0,0,0,0,0,0,0,0,1,0,1,0,1,no,Desbalance a la izquierda,monosaturada
PaulaTonda,0,1,0,0,0,0,1,1,0,1,0,0,1,1,0,no,Desbalance a la izquierda,saturada
xavier_presi,0,0,0,0,0,0,0,0,0,0,0,0,1,0,0,no,Desbalance a la izquierda,monosaturada
drochercamps,0,0,0,0,0,0,0,0,0,0,0,0,0,0,0,,,
amlabanda,0,0,0,0,0,0,0,0,0,1,0,0,0,0,0,no,Desbalance a la izquierda,monosaturada
santiagovlc,0,0,0,0,0,0,1,1,0,1,0,0,1,0,1,no,Desbalance a la izquierda,monosaturada
tomaspegu,0,0,1,0,1,0,1,0,1,0,0,0,0,0,0,no,Desbalance a la derecha,monosaturada
abasedebe,0,0,0,0,0,0,0,0,0,1,1,0,0,0,0,no,Desbalance a la izquierda,monosaturada
InmaPar,0,0,1,0,0,0,1,0,0,1,1,0,1,0,0,no,Desbalance a la izquierda,monosaturada
MasedaXavi,0,0,0,0,0,0,0,0,0,0,0,0,0,0,0,,,
BoloPPM,0,0,0,0,0,0,0,0,0,0,0,0,1,0,0,no,Desbalance a la izquierda,monosaturada
charoberbegal,0,0,0,0,0,0,0,0,0,0,0,0,0,0,0,,,
daviiniacm,0,0,0,0,0,0,0,0,0,0,0,0,0,0,0,,,
misteercorn,0,0,0,0,0,0,1,1,0,1,1,0,1,1,0,no,Desbalance a la izquierda,saturada
FundacioAssut,0,0,0,0,0,0,0,0,0,0,0,0,0,0,0,,,
apeudepaginanet,0,0,0,0,0,0,0,0,0,0,0,0,0,0,0,,,
franaleixandre,0,0,0,0,0,0,1,0,0,0,1,0,1,0,0,no,Desbalance a la izquierda,monosaturada
mireia507,0,0,0,0,0,0,0,0,0,0,0,0,0,0,0,,,
AEDLjaviersoria,0,0,0,0,0,0,0,0,0,0,0,0,0,0,0,,,
NuriaVicedo,0,0,0,0,1,0,1,0,0,1,0,0,0,0,0,no,si,monosaturada
SantPetrillo,0,0,0,0,0,0,0,0,0,0,0,0,0,0,0,,,
maverick5_4,0,0,0,0,0,0,0,0,0,0,0,0,0,0,0,,,
Paco_Cerdan,0,0,0,0,0,0,0,0,0,0,0,0,0,0,0,,,
JavierToEs,0,0,1,0,0,0,0,0,1,0,0,0,0,0,0,no,Desbalance a la derecha,monosaturada
QuintanillaPa,0,0,0,0,0,0,0,0,0,0,0,0,0,0,0,,,
alberto_martnez,0,0,0,0,0,0,0,0,0,0,0,0,0,0,0,,,
mirlos25,0,0,0,0,0,0,0,0,0,1,0,0,0,0,0,no,Desbalance a la izquierda,monosaturada
PMoraUGT,0,0,0,0,0,0,0,0,0,1,1,0,1,1,1,no,Desbalance a la izquierda,monosaturada
CircDeJocs,0,0,0,0,0,0,0,0,0,0,0,0,0,0,0,,,
polvorafallera,0,0,0,0,0,0,0,0,0,0,0,0,0,0,0,,,
FallaPLuisCano,0,0,0,0,0,0,0,0,0,0,0,0,0,0,0,,,
ZeziliaH75,0,1,0,0,0,0,1,1,0,1,0,0,0,0,0,no,si,monosaturada
CoroEOIValencia,0,0,0,0,0,0,0,0,0,0,0,0,0,0,0,,,
Raloher,0,0,0,0,0,0,0,0,0,0,0,0,0,0,0,,,
Juanansr,0,0,0,0,0,0,0,0,0,1,1,0,0,0,0,no,Desbalance a la izquierda,monosaturada
alex64prieto,0,0,0,0,0,0,0,0,0,0,0,0,0,0,0,,,
CBlanca_Marine,0,1,1,0,0,0,1,1,1,1,0,1,1,1,1,no,Desbalance a la izquierda,polisaturada
danpateyu,0,0,0,0,0,0,0,0,0,1,1,0,0,0,0,no,Desbalance a la izquierda,monosaturada
BegoBBP,0,0,0,0,0,0,0,0,0,0,0,0,1,1,1,no,Desbalance a la izquierda,monosaturada
Sheila230212,0,0,0,0,0,0,0,0,0,0,0,0,0,0,0,,,
DrOlorizFalla,0,1,0,0,0,0,1,1,0,1,0,0,1,0,0,no,Desbalance a la izquierda,monosaturada
JaviGimnez17,0,0,0,0,0,0,0,0,0,1,0,0,0,0,0,no,Desbalance a la izquierda,monosaturada
Paco_domingo,1,1,1,0,1,0,1,1,1,1,1,0,0,1,1,si,si,polisaturada
gregaltv,0,0,0,0,0,0,0,0,0,0,0,0,0,0,0,,,
Ignacio_tamagra,0,1,1,0,0,0,1,0,1,1,0,0,1,0,0,no,si,saturada
maiterero,0,0,1,0,0,0,1,1,0,1,1,0,1,0,1,no,Desbalance a la izquierda,saturada
raffff_1980,0,0,0,0,0,0,0,0,0,0,0,0,0,1,0,no,Desbalance a la izquierda,monosaturada
BoschBolta_S,1,1,1,0,1,0,0,0,1,1,0,0,0,0,0,no,Desbalance a la derecha,saturada
SALAMANDRA3020,0,0,0,0,0,0,0,0,0,0,0,0,0,0,0,,,
Almudena_Luna,0,0,0,0,0,0,0,1,0,0,0,0,1,0,1,no,Desbalance a la izquierda,monosaturada
iverdegu,0,0,0,0,0,0,0,0,0,0,0,0,1,1,1,no,Desbalance a la izquierda,monosaturada
T_Puchalt,0,0,0,0,0,0,0,0,0,0,0,0,0,0,0,,,
lescoleta,0,0,0,0,0,0,0,0,0,1,0,0,0,0,0,no,Desbalance a la izquierda,monosaturada
selesastre,1,0,0,0,0,0,0,0,0,0,0,0,0,0,0,no,Desbalance a la derecha,monosaturada
MaikelChor,0,0,0,0,0,0,0,0,0,0,0,0,1,1,0,no,Desbalance a la izquierda,monosaturada
ValentiaTurismo,0,0,0,0,0,0,0,0,0,0,0,0,0,0,0,,,
OriolaPepa,0,0,1,0,0,0,1,0,0,1,0,0,0,0,0,no,si,monosaturada
Joansan_18,0,1,0,0,0,0,1,0,0,0,0,0,1,0,0,no,si,monosaturada
Motacillalba,0,0,0,0,0,0,0,0,0,0,0,0,1,0,0,no,Desbalance a la izquierda,monosaturada
jouerl,0,0,1,0,1,0,0,0,0,1,0,0,1,0,1,no,Desbalance a la izquierda,monosaturada
eferrer73,0,1,0,0,0,0,1,0,1,1,0,0,0,0,0,no,si,monosaturada
MaiteHAguilar,0,0,1,0,0,0,0,1,0,1,1,0,1,0,1,no,Desbalance a la izquierda,saturada
eva_garalb,0,0,0,0,1,0,1,0,0,1,0,0,0,0,0,no,si,monosaturada
BelenRoGo,0,0,0,0,0,0,0,0,0,0,0,0,0,0,0,,,
DiazRoberto1,0,0,1,0,0,0,0,0,0,0,1,0,0,1,1,no,Desbalance a la izquierda,monosaturada
AmparoIborra,0,0,0,0,0,0,0,0,0,0,0,0,0,0,0,,,
Cardelol,0,0,0,0,0,0,0,0,0,0,0,0,0,0,0,,,
jmiravetlecha,0,0,0,0,0,0,0,0,0,0,0,0,0,0,0,,,
pablo_merysu,0,0,0,0,0,0,1,0,0,1,0,0,0,0,0,no,Desbalance a la izquierda,monosaturada
xelines_,0,0,0,0,0,0,0,1,0,1,0,0,1,1,1,no,Desbalance a la izquierda,monosaturada
l_lpastor,1,0,1,0,1,0,1,1,0,1,1,0,1,1,1,si,Desbalance a la izquierda,polisaturada
Irebalaf,0,0,0,0,0,0,0,0,0,1,0,0,0,0,0,no,Desbalance a la izquierda,monosaturada
EmergingPattern,0,0,0,0,0,0,0,0,0,0,0,0,0,0,0,,,
betace22,0,0,0,0,0,0,0,0,0,0,0,0,0,0,0,,,
arc15vlc,0,0,0,0,0,0,0,1,0,0,0,0,0,0,0,no,si,monosaturada
UnitatWeb,0,0,0,0,0,0,0,0,0,0,0,0,0,1,0,no,Desbalance a la izquierda,monosaturada
CarlosGinerQuil,1,0,1,0,0,0,1,0,1,1,0,0,0,1,1,no,Desbalance a la izquierda,saturada
Patxirrin,0,0,0,0,0,0,0,0,0,0,0,0,1,0,0,no,Desbalance a la izquierda,monosaturada
FactoriaCivica,0,0,0,0,0,0,0,0,0,0,0,0,0,0,0,,,
SandraCalabuig,0,1,0,0,0,0,1,0,0,1,0,0,1,0,0,no,Desbalance a la izquierda,monosaturada
Jotapelevante,0,0,0,0,0,0,0,0,0,0,0,0,0,0,0,,,
JuanviAlonso,0,0,0,0,0,0,0,0,1,1,0,0,0,0,0,no,Desbalance a la izquierda,monosaturada
flubber000,0,0,0,0,0,0,0,0,0,0,0,0,0,0,0,,,
nblasco92,0,0,0,0,0,0,0,0,0,0,0,0,1,0,1,no,Desbalance a la izquierda,monosaturada
anrocar,1,0,1,0,1,0,1,0,1,0,0,0,0,0,0,no,Desbalance a la derecha,monosaturada
LegalSharing,0,0,0,0,0,0,0,0,0,0,0,0,0,0,0,,,
guardferracu,0,1,0,0,0,0,1,0,0,1,0,0,1,1,1,no,Desbalance a la izquierda,saturada
Yolanda_baeza,0,0,0,0,0,0,0,0,0,0,0,0,0,0,0,,,
beckenbauer84,0,0,0,0,0,0,0,0,0,1,0,0,0,0,1,no,Desbalance a la izquierda,monosaturada
Emjulode,0,1,1,0,0,0,0,0,1,1,0,0,0,0,0,no,Desbalance a la derecha,monosaturada
Imma64Immangel,0,0,1,0,0,0,1,1,0,1,0,0,1,0,1,no,Desbalance a la izquierda,saturada
Robermoya82,0,0,0,0,0,0,0,0,0,0,0,0,0,0,0,,,
PabloMantilla2,0,0,1,0,0,0,1,0,0,1,1,0,1,1,1,no,Desbalance a la izquierda,saturada
MariaSMtrumpet,0,0,0,0,0,0,1,0,0,1,0,0,0,0,0,no,Desbalance a la izquierda,monosaturada
Angulo2Miguel,1,0,0,0,1,0,1,0,0,0,0,0,0,0,0,no,Desbalance a la derecha,monosaturada
zenos14,0,0,0,0,0,0,0,0,0,1,1,0,0,0,0,no,Desbalance a la izquierda,monosaturada
traeunlibro,0,0,0,0,0,1,1,1,0,1,0,0,1,0,1,no,Desbalance a la izquierda,saturada
jorgepg7,0,0,0,0,0,0,1,0,1,1,1,0,0,0,0,no,Desbalance a la izquierda,monosaturada
oliverTuba,0,0,0,0,0,0,0,0,0,0,0,0,0,0,0,,,
PilarColumna,1,0,1,0,1,0,1,0,0,1,1,1,0,1,1,si,Desbalance a la izquierda,saturada
equip351,0,0,0,0,0,0,0,0,0,0,0,0,0,0,0,,,
elpollastrot,0,0,0,0,0,0,0,0,0,1,0,0,0,0,0,no,Desbalance a la izquierda,monosaturada
Pucholes,0,0,0,0,0,0,0,0,0,1,0,0,0,0,0,no,Desbalance a la izquierda,monosaturada
CanamasPaco,0,0,1,0,1,0,1,1,0,1,1,1,1,0,1,si,Desbalance a la izquierda,saturada
jnotariofarre,0,0,0,0,0,0,0,0,0,0,0,0,0,0,0,,,
siesta_nomads,0,0,0,0,0,0,0,0,0,0,0,0,0,0,0,,,
sarinina,0,1,0,0,0,0,1,0,1,1,1,0,1,0,1,no,Desbalance a la izquierda,saturada
nurseabram,0,0,0,0,0,0,0,0,0,0,0,0,0,0,0,,,
raulpuerta,0,0,0,0,0,0,0,0,0,0,0,0,0,0,0,,,
mlr_memyselfnI,0,0,0,0,0,0,0,0,0,0,1,0,0,0,0,no,Desbalance a la izquierda,monosaturada
meirosports,0,0,0,0,0,0,0,0,0,0,0,0,0,0,0,,,
franciscoramn3,0,0,0,0,0,0,0,0,0,0,0,0,0,0,0,,,
AnaMoureG,0,1,1,0,0,0,1,0,0,1,1,0,1,0,1,no,Desbalance a la izquierda,saturada
XimoCanales,0,0,0,0,0,0,1,0,0,0,0,0,0,0,0,no,si,monosaturada
MartaGozalbo,0,0,1,0,0,0,1,1,1,1,0,0,1,0,1,no,Desbalance a la izquierda,saturada
JERVLC,0,0,0,0,0,0,0,0,0,0,0,0,0,0,1,no,Desbalance a la izquierda,monosaturada
Pavasal,1,0,0,0,1,0,1,0,0,1,0,0,0,0,0,no,Desbalance a la derecha,monosaturada
vinvalor,0,0,0,0,0,0,0,0,0,0,1,1,0,1,1,no,Desbalance a la izquierda,monosaturada
IgualMentFest,0,0,0,0,0,0,1,0,0,1,0,0,0,0,0,no,Desbalance a la izquierda,monosaturada
begonyapozo,0,0,0,0,0,0,0,0,0,0,0,0,0,0,0,,,
LaLlibreta,0,0,0,0,0,0,1,0,0,0,0,0,0,0,0,no,si,monosaturada
benjaescrich,0,0,0,0,0,0,0,0,0,0,0,0,0,0,1,no,Desbalance a la izquierda,monosaturada
difusioncultura,0,0,0,0,0,0,0,0,0,1,0,0,0,0,0,no,Desbalance a la izquierda,monosaturada
romiasociacion,0,0,0,0,0,0,0,1,0,0,0,0,0,0,0,no,si,monosaturada
lehukar,0,1,0,0,0,0,0,1,0,1,1,0,0,0,0,no,Desbalance a la izquierda,monosaturada
alexperaltusa,0,0,0,0,0,0,0,0,0,0,0,0,0,0,0,,,
Juanje_Monreal,0,1,1,0,0,0,1,0,1,1,0,0,1,1,1,no,Desbalance a la izquierda,saturada
bernysburger,0,0,0,0,0,0,0,0,0,0,0,0,0,0,0,,,
Mai_Laes,0,0,0,0,0,0,0,0,0,1,0,0,0,0,0,no,Desbalance a la izquierda,monosaturada
PPDOMINGUEZ,0,0,0,0,0,0,1,0,0,0,0,0,0,0,0,no,si,monosaturada
VLCMiriam,0,0,0,0,0,0,0,0,0,0,0,0,0,0,0,,,
MolinaVicent,0,1,0,0,0,0,0,1,1,1,1,0,0,0,0,no,Desbalance a la izquierda,monosaturada
LimonesRuben,0,0,0,0,0,0,1,0,0,1,0,0,0,0,0,no,Desbalance a la izquierda,monosaturada
encajesurbanos,0,0,0,0,0,0,1,1,0,1,0,0,0,0,1,no,Desbalance a la izquierda,monosaturada
FetambloveMarta,0,0,0,0,0,0,0,0,0,1,0,0,1,0,0,no,Desbalance a la izquierda,monosaturada
vtobarra,0,0,0,0,0,0,0,0,0,0,0,0,0,0,0,,,
xinxetamedia,0,0,0,0,0,0,0,0,0,0,0,0,0,0,0,,,
VE_G4,0,0,0,0,0,0,0,0,0,1,0,0,0,0,1,no,Desbalance a la izquierda,monosaturada
delmarsergio,0,0,1,0,0,0,0,0,0,0,0,0,0,0,0,no,Desbalance a la derecha,monosaturada
NadiaTent,0,1,0,0,0,0,0,1,0,1,1,0,1,0,0,no,Desbalance a la izquierda,monosaturada
rezaperorema,1,0,0,0,0,0,0,0,0,1,0,0,0,0,0,no,si,monosaturada
escenaerasmus,0,1,1,0,0,0,1,0,0,1,1,0,0,1,1,no,Desbalance a la izquierda,saturada
giner_roig,0,0,1,0,0,0,0,0,0,1,0,0,0,0,1,no,Desbalance a la izquierda,monosaturada
ampy1988,0,0,0,0,0,0,1,1,1,1,0,0,0,0,0,no,Desbalance a la izquierda,monosaturada
thegoodceopper,0,0,0,0,0,0,0,0,0,0,0,0,0,0,0,,,
MuixerangaVLC,0,0,0,0,0,0,0,0,0,0,0,0,0,0,0,,,
AmparoViana,0,0,0,0,0,0,0,0,0,0,0,0,0,0,0,,,
TrufasMartinez,0,0,0,0,0,0,0,0,0,0,0,0,0,0,0,,,
ricardalcaide,0,0,0,0,0,0,0,0,0,1,0,0,0,0,0,no,Desbalance a la izquierda,monosaturada
pquilesguerola,0,0,1,0,0,0,1,0,1,1,1,0,1,1,1,no,Desbalance a la izquierda,saturada
martinezcoller,1,1,0,0,0,0,1,0,1,1,0,0,0,0,0,no,Desbalance a la derecha,monosaturada
korxopan,0,0,0,0,0,0,0,0,0,0,0,0,0,0,0,,,
jorgefies,0,0,1,0,0,0,1,1,0,1,1,0,1,0,0,no,Desbalance a la izquierda,saturada
antigua_hostal,0,0,0,0,0,0,1,0,0,1,0,0,0,0,0,no,Desbalance a la izquierda,monosaturada
trencasimals,0,0,0,0,0,0,0,0,0,0,0,0,0,0,0,,,
robertpenades,0,0,0,0,0,0,0,0,0,0,1,0,1,0,0,no,Desbalance a la izquierda,monosaturada
IndianaMon,0,0,0,0,0,0,0,0,0,0,0,0,0,0,0,,,
Kperussa,0,1,0,0,0,0,1,0,1,0,1,0,1,0,1,no,Desbalance a la izquierda,saturada
joserade,0,0,0,0,0,0,1,1,0,1,1,0,0,0,0,no,Desbalance a la izquierda,monosaturada
genoogeno,0,0,0,0,0,0,1,0,1,1,1,0,1,0,0,no,Desbalance a la izquierda,monosaturada
llorens254,0,0,0,0,0,0,0,0,0,1,1,0,1,0,0,no,Desbalance a la izquierda,monosaturada
car_menm,0,0,0,0,0,0,0,0,0,1,1,0,1,1,0,no,Desbalance a la izquierda,monosaturada
john_giner,0,0,0,0,0,0,0,0,0,0,0,1,0,0,1,no,Desbalance a la izquierda,monosaturada
vangigr,1,0,0,0,1,0,1,1,0,1,1,0,0,0,1,si,Desbalance a la izquierda,saturada
Argui14,0,0,0,0,0,0,0,0,0,0,0,0,0,0,0,,,
ergonomikes,0,0,0,0,0,0,0,0,0,0,0,0,0,0,0,,,
quest_lasercafe,0,0,0,0,0,0,0,0,0,0,0,0,0,0,0,,,
Mninonano,0,0,0,0,0,0,0,0,0,0,0,0,0,0,0,,,
ApPaisatge,0,0,0,0,0,0,0,0,0,0,0,0,0,1,1,no,Desbalance a la izquierda,monosaturada
TVManuRios,0,0,0,0,0,0,0,0,0,0,0,0,0,0,0,,,
JhonJTarros,1,1,1,0,1,0,1,1,1,1,1,1,1,1,1,si,Desbalance a la izquierda,polisaturada
dosdecuatro,0,1,1,0,0,0,1,1,1,1,1,1,1,1,1,no,Desbalance a la izquierda,polisaturada
xavi_ero,0,0,0,0,0,0,0,0,0,0,0,0,0,0,0,,,
JoseEnrique713,0,0,0,0,0,0,0,0,0,0,0,0,0,0,0,,,
lilicastror,0,0,0,0,0,0,0,1,0,1,0,0,1,1,1,no,Desbalance a la izquierda,monosaturada
alrrofran,0,0,0,0,0,0,0,0,0,1,0,0,0,0,0,no,Desbalance a la izquierda,monosaturada
PlataformaMetro,0,1,0,0,0,0,0,1,0,0,0,0,0,0,0,no,Desbalance a la derecha,monosaturada
bwenziner,0,0,0,0,0,0,1,0,0,0,0,0,0,0,0,no,si,monosaturada
noe86_pc,0,1,1,0,0,0,1,0,1,1,1,0,1,1,1,no,Desbalance a la izquierda,saturada
CivicWiseVLC,0,0,0,0,0,0,0,0,0,0,0,0,0,0,0,,,
pamemartinezmar,0,0,0,0,0,0,0,0,0,0,0,0,0,0,0,,,
v_albelda,0,0,0,0,0,0,0,0,0,1,0,0,1,0,0,no,Desbalance a la izquierda,monosaturada
majop28,1,0,1,0,1,0,0,1,0,1,1,1,1,1,1,si,Desbalance a la izquierda,polisaturada
pauginer,0,0,0,0,0,0,0,0,0,0,0,0,0,0,0,,,
mitabe,0,0,0,0,0,0,1,0,0,1,0,0,1,0,1,no,Desbalance a la izquierda,monosaturada
Brian_590,0,0,1,0,0,0,1,0,0,1,0,0,0,0,0,no,si,monosaturada
PilarVicenteG,0,1,1,0,0,0,1,0,1,1,0,0,1,0,0,no,si,saturada
aliciafenollosa,0,1,0,0,0,0,1,0,1,1,1,0,1,0,1,no,Desbalance a la izquierda,saturada
brunoperellof,0,1,0,0,1,0,1,0,1,1,1,0,0,0,0,no,si,saturada
amparosorianog,1,1,1,0,1,0,1,1,0,1,1,1,1,1,1,si,Desbalance a la izquierda,polisaturada
Flammam_vlc,0,0,0,0,0,0,0,0,0,0,0,0,0,0,0,,,
Maria_Iranzo,0,1,1,0,0,0,1,1,1,1,0,0,1,1,1,no,Desbalance a la izquierda,saturada
willermon,0,0,0,0,0,0,0,0,0,0,0,0,0,0,0,,,
cassallataronja,1,0,0,0,1,0,0,0,0,1,0,0,1,0,0,no,si,monosaturada
Chiqui_ti_ta,0,1,0,0,0,0,1,0,0,1,1,0,1,1,1,no,Desbalance a la izquierda,saturada
Idoya_ts,0,0,0,0,0,0,0,0,0,1,1,1,1,0,1,no,Desbalance a la izquierda,monosaturada
quimld,1,0,0,0,1,0,0,0,0,1,1,0,1,1,1,no,Desbalance a la izquierda,saturada
joliva819,0,0,1,0,0,0,1,1,0,1,1,0,1,1,1,no,Desbalance a la izquierda,saturada
enricdetot,0,0,0,0,1,0,0,0,0,0,0,0,0,1,0,no,si,monosaturada
javiers_22,0,0,0,0,0,0,0,0,0,1,1,0,1,0,0,no,Desbalance a la izquierda,monosaturada
raulalbertv96,0,0,0,0,0,0,0,0,0,1,0,0,0,0,1,no,Desbalance a la izquierda,monosaturada
ver_daniel,0,0,1,0,0,0,1,0,0,1,1,0,1,0,1,no,Desbalance a la izquierda,saturada
edgarsapiens,0,1,1,0,0,0,1,1,1,1,1,0,1,1,1,no,Desbalance a la izquierda,polisaturada
miquelgv,0,0,0,0,0,0,0,0,0,0,0,0,0,0,0,,,
onglacasagrande,0,0,0,0,0,0,0,0,0,0,0,0,0,0,0,,,
AMPAEmilioLluch,0,0,0,0,0,0,0,0,0,0,0,0,0,0,0,,,
participa_reina,0,0,0,0,0,0,0,0,0,0,0,0,0,0,0,,,
CarrionFons,0,0,0,0,0,0,0,1,0,1,0,0,0,0,0,no,Desbalance a la izquierda,monosaturada
dosdece,0,0,1,0,0,0,1,1,0,0,1,0,1,0,1,no,Desbalance a la izquierda,saturada
alfuerce,0,1,1,0,0,0,1,1,0,1,0,1,1,0,0,no,Desbalance a la izquierda,saturada
CRebombori,0,0,0,0,0,0,0,0,0,0,0,0,0,0,0,,,
Instasport_es,0,0,0,0,0,0,0,0,0,0,0,0,0,0,0,,,
horchatadaniel,0,0,0,0,0,0,0,0,0,0,0,0,0,0,0,,,
Cadameta,0,0,0,0,0,0,1,0,0,1,0,0,1,0,1,no,Desbalance a la izquierda,monosaturada
mariale_rico,0,0,0,0,0,0,1,0,0,1,0,0,1,0,0,no,Desbalance a la izquierda,monosaturada
GrupSociograma,0,0,0,0,0,0,0,0,0,0,0,0,0,0,0,,,
elcoetfaller,0,0,0,0,0,0,0,0,0,0,0,0,0,0,0,,,
RaulFornesG,0,0,0,0,0,0,0,0,0,0,0,0,0,0,1,no,Desbalance a la izquierda,monosaturada
ealvarez27,0,0,0,0,0,0,0,0,0,1,0,0,0,0,0,no,Desbalance a la izquierda,monosaturada
saturnnight,0,0,0,0,0,0,0,0,0,0,0,0,1,0,1,no,Desbalance a la izquierda,monosaturada
laurafmo,0,0,0,0,0,0,0,0,0,1,0,0,0,0,0,no,Desbalance a la izquierda,monosaturada
Yomca_vlc,0,0,0,0,0,0,0,0,0,0,0,0,0,0,0,,,
AmparoCots,0,0,0,0,0,0,1,0,0,1,0,0,0,0,0,no,Desbalance a la izquierda,monosaturada
terra_urbe,0,0,0,0,0,0,0,0,0,0,0,0,0,0,0,,,
aarquitecturia,0,0,0,0,0,0,0,0,0,0,0,0,0,0,0,,,
SndraMk,0,0,0,0,0,0,0,0,0,0,0,0,0,0,0,,,
jesusevila,0,0,0,0,0,0,0,0,0,0,0,0,0,0,0,,,
rafalvaro14,0,0,0,0,0,0,0,0,0,0,0,0,0,0,0,,,
Lar32,0,0,0,0,0,0,0,0,0,0,0,0,0,0,0,,,
arocrisme,0,0,0,0,0,0,0,0,0,0,0,0,0,0,0,,,
CCORRALP,0,0,0,0,0,0,0,0,0,1,1,0,1,0,1,no,Desbalance a la izquierda,monosaturada
pablohmin,0,0,0,0,0,0,0,0,0,1,0,0,1,0,1,no,Desbalance a la izquierda,monosaturada
freetourvlc,0,0,0,0,0,0,0,0,0,0,0,0,0,0,0,,,
oratge_LTV,0,1,1,0,0,0,0,0,0,1,0,0,1,0,0,no,si,monosaturada
JulioASabater,0,0,0,0,0,0,0,1,0,1,0,0,0,0,0,no,Desbalance a la izquierda,monosaturada
NeusBonnin,0,0,0,0,0,0,0,0,0,1,1,0,0,0,1,no,Desbalance a la izquierda,monosaturada
CarlosGimeno146,0,0,0,0,0,0,0,0,0,0,0,0,0,0,0,,,
loird27,0,0,0,0,0,0,1,1,0,0,1,0,1,0,1,no,Desbalance a la izquierda,monosaturada
laupagar,0,0,0,0,0,0,0,0,0,0,0,0,0,0,0,,,
estela__ros,0,0,0,0,0,0,0,0,0,0,0,0,0,0,0,,,
Ldoradosorli,0,0,0,0,0,0,0,0,0,1,0,0,0,0,0,no,Desbalance a la izquierda,monosaturada
eu_geniavi,0,0,0,0,0,0,0,0,0,0,0,0,0,0,0,,,
ReReadValencia,0,0,0,0,0,0,0,0,0,1,0,0,0,0,1,no,Desbalance a la izquierda,monosaturada
estheresss,0,0,1,0,0,0,1,1,1,1,1,1,1,1,1,no,Desbalance a la izquierda,polisaturada
SteinwayLois,0,0,0,0,0,0,0,0,0,1,0,0,1,0,1,no,Desbalance a la izquierda,monosaturada
alberdiaz_1996,0,0,0,0,0,0,0,0,0,0,0,0,0,0,0,,,
Marcosthorgal,0,0,0,0,0,0,0,0,0,0,0,0,1,0,1,no,Desbalance a la izquierda,monosaturada
fallaicatolica,0,0,0,0,0,0,0,0,0,0,0,0,0,0,0,,,
6Veus,0,0,0,0,0,0,0,0,0,0,0,0,0,0,0,,,
gicaonline,1,0,1,0,0,0,1,0,0,1,0,0,0,0,0,no,Desbalance a la derecha,monosaturada
Roberteta1,0,0,1,0,1,0,0,1,1,1,1,0,1,1,1,si,Desbalance a la izquierda,saturada
jobaru3,0,0,0,0,0,0,0,0,0,0,0,0,1,1,0,no,Desbalance a la izquierda,monosaturada
BuscandoaPenny,0,0,0,0,0,0,0,0,0,0,0,0,0,0,0,,,
QRipoll,0,0,0,0,0,0,1,0,1,1,1,0,0,0,0,no,Desbalance a la izquierda,monosaturada
sostre_org,0,0,0,0,0,0,0,0,0,0,0,0,0,0,0,,,
bottomest,0,0,0,0,0,0,0,0,0,0,0,0,0,0,0,,,
Sotanito,0,0,0,0,0,0,0,0,0,0,0,0,1,1,1,no,Desbalance a la izquierda,monosaturada
ToniMarcoAlbert,0,0,0,0,0,0,1,0,0,1,0,0,0,0,0,no,Desbalance a la izquierda,monosaturada
FolgadoAldaier,0,0,1,0,0,0,0,1,0,1,0,0,1,0,1,no,Desbalance a la izquierda,monosaturada
VTALENS,0,1,0,0,0,0,0,0,0,0,0,0,0,0,0,no,Desbalance a la derecha,monosaturada
media_lorena,0,1,0,0,0,0,1,0,1,1,0,0,0,0,0,no,si,monosaturada
Kala_Mar,0,0,0,0,0,0,0,0,0,0,0,1,0,0,0,no,Desbalance a la izquierda,monosaturada
rosaber78,0,0,0,0,0,0,0,0,0,0,1,0,1,0,1,no,Desbalance a la izquierda,monosaturada
Valencia_happy,0,0,0,0,0,0,0,1,0,1,0,0,1,0,1,no,Desbalance a la izquierda,monosaturada
xino_moreno,0,0,0,0,0,0,0,0,1,0,0,0,1,0,0,no,Desbalance a la izquierda,monosaturada
jorge_dejuan,0,0,0,0,0,0,1,1,0,1,0,0,1,1,0,no,Desbalance a la izquierda,monosaturada
JoanDavidboix,0,0,0,0,0,0,0,0,0,0,0,0,0,0,0,,,
LocandiaEstudio,0,0,0,0,0,0,0,0,0,1,0,0,0,0,0,no,Desbalance a la izquierda,monosaturada
gentdealboraya,0,0,1,0,0,0,0,0,0,0,0,0,0,0,0,no,Desbalance a la derecha,monosaturada
La_Recovera,0,0,0,0,0,0,0,0,0,0,0,0,0,0,0,,,
polipropile,0,0,0,0,0,0,0,0,0,0,0,0,1,0,1,no,Desbalance a la izquierda,monosaturada
Ibosalma,0,0,0,0,0,0,0,0,0,1,0,0,0,0,0,no,Desbalance a la izquierda,monosaturada
SarayMas,0,0,0,0,0,0,0,1,0,1,0,0,1,1,1,no,Desbalance a la izquierda,monosaturada
M74671665,0,0,0,0,0,0,0,0,0,0,0,0,0,0,0,,,
vicgira,0,0,0,0,0,0,0,0,0,0,0,0,0,0,0,,,
javiscos,0,0,1,0,0,0,0,0,0,0,1,0,0,1,0,no,Desbalance a la izquierda,monosaturada
viuenvalencia,0,0,0,0,0,0,0,0,0,0,0,0,0,0,0,,,
Alex_Olmos80,0,0,0,0,0,0,0,0,0,0,0,0,0,0,0,,,
albafp1,0,0,0,0,0,0,0,0,0,0,0,0,1,0,1,no,Desbalance a la izquierda,monosaturada
tornemvlc,0,0,0,0,0,0,0,0,0,0,0,0,0,0,0,,,
anaserrap,0,0,1,0,0,0,1,0,1,1,0,0,0,0,1,no,Desbalance a la izquierda,monosaturada
inmamvercher,1,0,1,0,1,0,1,1,1,1,1,1,1,1,1,si,Desbalance a la izquierda,polisaturada
MariaJoseGilT,1,0,1,0,0,0,1,1,1,1,1,0,1,1,0,no,Desbalance a la izquierda,saturada
clubrugbyvlc,0,0,0,0,0,0,0,0,0,0,0,0,0,0,0,,,
eltiopepo,0,0,0,0,0,0,0,0,0,1,1,0,0,1,0,no,Desbalance a la izquierda,monosaturada
Miguel_Mollar,0,0,0,0,0,0,1,0,1,0,0,0,0,0,1,no,Desbalance a la izquierda,monosaturada
klaram,0,0,0,0,0,0,1,0,1,1,0,0,1,0,0,no,Desbalance a la izquierda,monosaturada
yinsenstudio,0,0,0,0,0,0,0,0,0,1,0,0,0,0,0,no,Desbalance a la izquierda,monosaturada
AlexVillaClari,0,0,0,0,0,0,0,0,0,0,0,0,1,0,1,no,Desbalance a la izquierda,monosaturada
josclimar,0,1,0,0,0,0,0,0,0,0,0,0,1,1,1,no,Desbalance a la izquierda,monosaturada
OliviaCestevez,0,1,1,0,0,0,1,1,1,1,0,0,0,0,0,no,Desbalance a la derecha,saturada
srospardo,0,0,0,0,0,0,0,0,0,1,1,0,1,1,1,no,Desbalance a la izquierda,monosaturada
gbereng,0,0,0,0,0,0,0,0,0,0,0,0,0,0,0,,,
akatedra,0,1,0,0,0,0,1,0,1,1,1,0,0,1,1,no,Desbalance a la izquierda,saturada
Maria_VargasUPV,0,0,0,0,0,0,0,0,0,0,0,0,1,0,0,no,Desbalance a la izquierda,monosaturada
xatet11,0,0,0,0,0,0,0,0,0,1,0,0,0,0,0,no,Desbalance a la izquierda,monosaturada
belengodu,0,0,0,0,0,0,0,0,0,1,0,0,1,1,1,no,Desbalance a la izquierda,monosaturada
CCrispatrix,0,1,0,0,0,0,1,1,0,1,1,0,1,0,1,no,Desbalance a la izquierda,saturada
eudald62,0,0,0,0,0,0,0,0,0,1,0,0,1,0,1,no,Desbalance a la izquierda,monosaturada
luisestarlich,0,0,1,0,0,0,1,0,1,1,0,0,0,0,0,no,si,monosaturada
aialbal,0,0,0,0,0,0,0,0,0,0,0,0,0,0,0,,,
churret68,0,0,0,0,0,0,1,0,0,1,0,0,0,0,0,no,Desbalance a la izquierda,monosaturada
Noe_jc30,0,0,0,0,0,0,0,1,0,1,1,0,1,0,0,no,Desbalance a la izquierda,monosaturada
Carluitos,0,0,0,0,0,0,1,0,0,0,0,0,0,0,0,no,si,monosaturada
IsraelSanchis,0,0,0,0,0,0,0,0,0,0,0,0,0,0,0,,,
MiquelMinyo,0,0,0,0,0,0,0,0,0,0,0,0,0,0,0,,,
96_josep,0,1,1,0,0,0,1,0,0,1,0,0,0,0,0,no,Desbalance a la derecha,monosaturada
ramn_rodrigo,0,0,1,0,0,0,0,0,0,1,0,0,0,0,0,no,si,monosaturada
mpcuesta12,1,0,1,0,0,0,0,0,0,1,0,0,0,0,0,no,Desbalance a la derecha,monosaturada
valhalaboy,0,0,0,0,0,0,0,0,0,0,0,0,0,0,0,,,
joseviana72,0,0,0,0,0,0,0,0,0,0,0,0,0,0,0,,,
samcarcaixent,0,0,0,0,0,0,0,0,0,0,0,0,0,0,1,no,Desbalance a la izquierda,monosaturada
ic_sefa,0,0,0,0,0,0,0,0,0,0,0,0,0,0,0,,,
Pau_Taiotoshi,0,0,0,0,0,0,0,0,0,0,1,0,1,1,1,no,Desbalance a la izquierda,monosaturada
benicadell1,0,0,0,0,0,0,0,0,0,0,0,0,0,0,0,,,
torubio,0,0,0,0,0,0,0,0,1,0,1,0,0,1,0,no,Desbalance a la izquierda,monosaturada
Noeliia3,0,0,0,0,0,0,0,0,0,0,0,0,0,0,0,,,
Edufelip25,0,1,0,0,0,0,1,0,0,1,0,0,0,0,0,no,si,monosaturada
SergioZama,0,0,0,0,0,0,0,0,0,1,1,0,0,0,0,no,Desbalance a la izquierda,monosaturada
Begomartpel,0,0,0,0,0,0,0,0,0,0,1,0,0,1,1,no,Desbalance a la izquierda,monosaturada
JoseLuisLcl,0,0,0,0,0,0,0,0,0,0,0,0,0,0,0,,,
JavierJmdv,0,0,0,0,0,0,1,0,0,1,0,0,0,0,0,no,Desbalance a la izquierda,monosaturada
Tronerika,0,0,0,0,0,0,1,0,1,1,1,0,1,0,1,no,Desbalance a la izquierda,saturada
lauggio,0,0,0,0,1,0,0,0,0,0,0,0,0,0,1,no,si,monosaturada
Merry1072,0,0,0,0,0,0,0,0,0,0,0,0,0,0,0,,,
MJesusSoler,0,0,0,0,0,0,0,0,0,0,1,0,0,0,1,no,Desbalance a la izquierda,monosaturada
ToniPuertes,0,0,1,0,0,0,1,0,1,1,0,0,0,0,0,no,si,monosaturada
Gk_Castillo,0,0,0,0,0,0,0,0,0,1,0,0,1,0,0,no,Desbalance a la izquierda,monosaturada
acvelasociacion,0,0,0,0,0,0,0,0,0,0,0,0,0,0,0,,,
PilarEsquibel,1,1,1,0,1,0,1,0,1,1,1,0,1,1,1,si,Desbalance a la izquierda,polisaturada
pepefontan18,0,0,0,0,0,0,0,0,0,1,0,0,0,0,0,no,Desbalance a la izquierda,monosaturada
joanaalfe,0,0,0,0,0,0,0,0,0,0,0,0,0,0,1,no,Desbalance a la izquierda,monosaturada
PauCaparros,0,0,0,0,0,0,0,0,0,1,0,0,1,0,1,no,Desbalance a la izquierda,monosaturada
Jormardi,0,0,0,0,0,0,0,0,0,1,1,0,1,0,1,no,Desbalance a la izquierda,monosaturada
Pikaorea,1,0,1,0,0,0,0,1,0,1,1,0,1,1,1,no,Desbalance a la izquierda,saturada
Olakeas38640793,0,0,0,0,0,0,0,0,0,0,0,0,0,0,1,no,Desbalance a la izquierda,monosaturada
ElisaOrTe,0,0,0,0,0,0,0,0,0,0,0,0,0,0,0,,,
tasoccc,0,0,0,0,0,0,0,0,0,1,0,0,0,0,0,no,Desbalance a la izquierda,monosaturada
AntolinoAlarcon,1,0,0,0,1,0,1,1,1,1,0,0,1,1,1,si,Desbalance a la izquierda,saturada
rafammz,0,0,0,0,0,0,0,0,0,1,0,0,1,0,0,no,Desbalance a la izquierda,monosaturada
aladin_raseca,0,0,0,0,0,0,0,0,0,0,0,0,0,0,0,,,
JorgeHervasMas,0,1,0,0,0,0,1,0,0,1,0,0,0,0,0,no,si,monosaturada
johanbbo,0,1,0,0,0,0,0,0,0,0,0,0,1,0,1,no,Desbalance a la izquierda,monosaturada
fjsanrod,0,0,0,0,0,0,0,0,0,0,0,0,0,0,0,,,
oskarvlc01,0,0,0,0,0,0,0,0,0,0,0,0,0,0,1,no,Desbalance a la izquierda,monosaturada
Kenencio,1,0,1,0,0,0,1,1,0,1,1,1,1,1,1,no,Desbalance a la izquierda,polisaturada
AuxiSotodosos,0,0,0,0,0,0,0,0,0,0,0,0,0,0,0,,,
cosuna80,0,0,0,0,0,0,0,1,0,1,0,0,0,0,0,no,Desbalance a la izquierda,monosaturada
RamirezBarjoan,1,0,1,0,1,0,0,0,0,0,1,0,0,0,1,no,Desbalance a la derecha,monosaturada
gutobras007,0,0,0,0,0,0,0,0,0,0,0,0,0,0,0,,,
alvarobgutiel,0,0,0,0,0,0,0,0,0,1,0,0,0,0,0,no,Desbalance a la izquierda,monosaturada
titomancebo,0,0,0,0,0,0,0,0,0,0,0,0,0,0,0,,,
albertillo78,0,0,0,0,0,0,0,0,0,0,1,0,0,0,1,no,Desbalance a la izquierda,monosaturada
adrymc96,0,0,1,0,0,0,0,0,0,1,0,0,1,1,1,no,Desbalance a la izquierda,monosaturada
LMArroyoG,0,1,0,0,1,0,0,1,0,1,1,0,1,0,1,si,Desbalance a la izquierda,saturada
bermole20,0,0,0,0,0,0,0,1,0,0,0,0,0,0,0,no,si,monosaturada
ramonbermell,0,0,1,0,0,0,0,0,1,0,0,0,0,0,0,no,Desbalance a la derecha,monosaturada
MonfortAlberto,0,0,0,0,0,0,0,0,0,0,0,0,1,0,0,no,Desbalance a la izquierda,monosaturada
climent_toni,0,0,0,0,0,0,0,0,0,1,0,0,0,0,0,no,Desbalance a la izquierda,monosaturada
JoseanGarsan,0,0,0,0,0,0,0,0,0,0,0,0,0,0,0,,,
hugoesunapatata,0,0,0,0,0,0,0,0,0,0,0,0,0,1,1,no,Desbalance a la izquierda,monosaturada
Peperubert,0,0,0,0,0,0,0,0,0,0,0,0,0,0,0,,,
ignatiushdz,0,0,1,0,0,0,0,0,1,1,1,0,1,1,1,no,Desbalance a la izquierda,saturada
Joaan91,0,0,0,0,0,0,0,0,0,0,0,0,0,0,0,,,
CSalvardor,0,0,0,0,0,0,1,0,1,1,0,0,0,0,0,no,Desbalance a la izquierda,monosaturada
roman_agu,0,1,0,0,0,0,1,0,0,1,0,0,1,0,0,no,Desbalance a la izquierda,monosaturada
sertosmar,0,0,1,0,0,0,1,0,1,0,0,0,0,0,0,no,Desbalance a la derecha,monosaturada
xavier_andrs,0,0,0,0,0,0,1,0,1,1,0,1,0,0,1,no,Desbalance a la izquierda,monosaturada
Chusitisima1,0,0,0,0,0,0,0,0,0,0,0,0,1,1,1,no,Desbalance a la izquierda,monosaturada
vaneoller,0,0,0,0,0,0,0,0,0,0,0,0,0,0,0,,,
Josenicolarive,0,1,0,0,0,0,0,0,0,0,0,0,0,0,0,no,Desbalance a la derecha,monosaturada
BelenBecali,0,0,0,0,0,0,0,0,0,1,0,0,1,0,1,no,Desbalance a la izquierda,monosaturada
daridofer,0,0,0,0,0,0,0,0,0,0,0,0,0,0,1,no,Desbalance a la izquierda,monosaturada
pacoalemanfons,0,0,0,0,0,0,0,0,0,0,0,0,0,0,0,,,
ajdonet,0,0,0,0,0,0,1,1,1,0,1,1,1,1,1,no,Desbalance a la izquierda,saturada
LunaInmaC,1,1,1,0,1,0,1,1,0,1,1,0,1,0,1,si,si,polisaturada
nuria_llopisb,1,1,0,0,0,0,1,1,0,1,0,0,0,0,0,no,Desbalance a la derecha,monosaturada
RocioVald,0,1,0,0,0,0,1,1,0,1,0,0,1,0,1,no,Desbalance a la izquierda,saturada
Pucholoncio,0,0,0,0,0,0,0,0,0,0,0,0,0,0,0,,,
CulturaBarris,0,0,0,0,0,0,0,0,0,0,0,0,0,0,0,,,
annaroan,0,0,0,0,0,0,0,0,0,1,1,0,0,1,1,no,Desbalance a la izquierda,monosaturada
viclouies,0,0,0,0,0,0,0,1,0,0,1,0,0,0,0,no,Desbalance a la izquierda,monosaturada
GallardoRico,0,0,0,0,0,0,0,0,0,0,0,0,0,0,0,,,
prismagourmet,0,0,0,0,0,0,0,0,0,1,0,0,1,0,0,no,Desbalance a la izquierda,monosaturada
jdaimusero,0,0,1,0,0,0,1,0,1,1,1,0,1,0,1,no,Desbalance a la izquierda,saturada
miguelgrau84,0,0,0,0,0,0,0,1,0,1,0,0,0,0,0,no,Desbalance a la izquierda,monosaturada
CrisMP1,0,0,0,0,0,0,0,0,0,0,0,0,0,0,0,,,
juanfe_malaidea,0,0,0,0,0,0,0,0,0,0,0,0,0,0,0,,,
Vanepemu,0,1,0,0,0,0,1,0,0,1,0,0,0,0,1,no,Desbalance a la izquierda,monosaturada
anmomfer,0,0,0,0,0,0,0,0,0,0,1,0,0,0,0,no,Desbalance a la izquierda,monosaturada
GarZarak,0,0,0,0,0,0,0,0,0,0,0,0,1,0,0,no,Desbalance a la izquierda,monosaturada
cortaz5,0,1,1,0,0,0,1,1,0,1,1,0,1,0,0,no,Desbalance a la izquierda,saturada
luiscaplliure,0,0,0,0,0,0,0,0,0,1,0,0,0,0,0,no,Desbalance a la izquierda,monosaturada
espatry,1,0,1,0,0,0,0,1,0,1,1,0,1,1,0,no,Desbalance a la izquierda,saturada
Alex2k,0,0,0,0,0,0,0,0,0,0,0,0,0,0,0,,,
sabatercarles,0,0,1,0,0,0,0,0,0,1,1,0,0,0,0,no,Desbalance a la izquierda,monosaturada
esolg,0,0,0,0,0,0,0,0,0,1,0,0,1,0,0,no,Desbalance a la izquierda,monosaturada
isapseudo,0,0,0,0,0,0,0,0,0,0,0,0,1,0,0,no,Desbalance a la izquierda,monosaturada
miguelroh,0,0,0,0,0,0,0,0,0,1,0,0,0,0,0,no,Desbalance a la izquierda,monosaturada
Susana_Piqueras,0,0,0,0,0,0,0,0,0,0,0,0,0,0,0,,,
ironandmoni,0,0,0,0,0,0,0,0,0,1,1,0,1,0,0,no,Desbalance a la izquierda,monosaturada
Kike_Molla,0,0,0,0,0,0,0,0,0,1,0,0,0,0,1,no,Desbalance a la izquierda,monosaturada
fragilpe,0,0,0,0,0,0,1,1,0,0,1,0,0,0,0,no,Desbalance a la izquierda,monosaturada
CasanovaLl,0,0,0,0,0,0,0,0,0,0,0,0,0,0,0,,,
segarra96,0,0,0,0,0,0,0,1,0,0,0,0,1,0,1,no,Desbalance a la izquierda,monosaturada
sietevalles,0,0,1,0,0,0,1,0,0,1,0,0,0,0,0,no,si,monosaturada
ceferra,0,0,0,0,0,0,0,0,0,0,0,0,0,0,0,,,
miguestivella,0,0,0,0,0,0,0,0,0,1,0,0,0,1,1,no,Desbalance a la izquierda,monosaturada
LaCarraspera,0,0,0,0,0,0,0,0,0,0,0,0,0,0,0,,,
joanhornos,0,0,0,0,0,0,0,0,0,1,0,0,1,0,0,no,Desbalance a la izquierda,monosaturada
ramonmape,0,0,1,0,0,0,0,0,0,1,0,0,1,0,0,no,Desbalance a la izquierda,monosaturada
MILARNAU,0,0,0,0,0,0,0,0,0,0,0,0,0,0,0,,,
madorcel,0,0,0,0,0,0,0,0,0,0,0,0,0,0,0,,,
eva_fern_,0,0,0,0,0,0,0,0,0,0,0,0,0,0,0,,,
HarperLanegan,0,0,0,0,0,0,0,0,0,0,0,0,1,1,1,no,Desbalance a la izquierda,monosaturada
AlexPuigvert,0,0,0,0,0,0,1,1,0,1,0,0,0,0,0,no,Desbalance a la izquierda,monosaturada
Susa_vlc,0,0,0,0,1,0,0,0,0,1,0,0,0,0,0,no,si,monosaturada
manutte5,0,1,1,0,0,0,1,0,0,1,1,0,1,0,1,no,Desbalance a la izquierda,saturada
David95Malva,0,0,0,0,0,0,0,0,0,0,0,0,0,0,0,,,
neus_cer,0,0,0,0,0,0,0,0,0,0,0,0,0,0,0,,,
marietamunoz,1,1,1,0,0,0,1,1,1,1,1,0,1,0,1,no,Desbalance a la izquierda,polisaturada
SantiMirabet,0,0,0,0,0,0,0,0,0,0,0,0,0,0,0,,,